Year,Pick,Draft,Pick in Draft,Drafted By,Name,Height,Weight,College,Birthday
2016,1.01,1,1,76ers,Ben Simmons,6'10,239,LSU,1996-07-20
2016,1.02,1,2,Lakers,Brandon Ingram,6'9,196,Duke,1997-09-02
2016,1.03,1,3,Celtics,Jaylen Brown,6'7,223,California,1996-10-24
2016,1.04,1,4,Suns,Dragan Bender,7'1,225,Maccabi Tel Aviv,1997-11-17
2016,1.05,1,5,Timberwolves,Kris Dunn,6'4,205,Providence,1994-03-18
2016,1.06,1,6,Hornets,Buddy Hield,6'5,212,Oklahoma,1993-12-17
2016,1.07,1,7,Nuggets,Jamal Murray,6'5,201,Kentucky,1997-02-23
2016,1.08,1,8,Suns,Marquese Chriss,6'10,233,Washington,1997-07-02
2016,1.09,1,9,Raptors,Jakob Poeltl,7'1,239,Utah,1995-10-15
2016,1.1,1,10,Bucks,Thon Maker,7'1,216,,1997-02-25
2016,1.11,1,11,Magic,Domantas Sabonis,6'10,231,Gonzaga,1996-05-03
2016,1.12,1,12,Hawks,Taurean Prince,6'8,220,Baylor,1994-08-22
2016,1.13,1,13,Kings,Georgios Papagiannis,7'2,240,Panathinaikos,1997-07-03
2016,1.14,1,14,Bulls,Denzel Valentine,6'6,210,Michigan St,1993-11-16
2016,1.15,1,15,Nuggets,Juan Hernangomez,6'9,220,Estudiantes,1995-09-28
2016,1.16,1,16,Celtics,Guerschon Yabusele,6'8,270,Rouen,1995-12-17
2016,1.17,1,17,Grizzlies,Wade Baldwin,6'4,202,Vanderbilt,1996-03-29
2016,1.18,1,18,Pistons,Henry Ellenson,7'0,242,Marquette,1997-01-13
2016,1.19,1,19,Nuggets,Malik Beasley,6'5,190,Florida St,1996-11-26
2016,1.2,1,20,Nets,Caris LeVert,6'7,191,Michigan,1994-08-25
2016,1.21,1,21,Hawks,DeAndre Bembry,6'6,207,Saint Joseph's,1994-07-04
2016,1.22,1,22,Kings,Malachi Richardson,6'6,200,Syracuse,1996-01-05
2016,1.23,1,23,Celtics,Ante Zizic,7'0,249,Cibona Zagreb,1997-01-04
2016,1.24,1,24,76ers,Timothe Luwawu,6'7,205,Mega Leks,1995-05-09
2016,1.25,1,25,Clippers,Brice Johnson,6'11,209,North Carolina,1994-06-27
2016,1.26,1,26,76ers,Furkan Korkmaz,6'7,185,Anadolu Efes,1997-07-24
2016,1.27,1,27,Raptors,Pascal Siakam,6'10,227,New Mexico St,1994-02-04
2016,1.28,1,28,Kings,Skal Labissiere,7'0,216,Kentucky,1996-03-18
2016,1.29,1,29,Spurs,Dejounte Murray,6'5,170,Washington,1996-09-19
2016,1.3,1,30,Warriors,Damian Jones,7'0,244,Vanderbilt,1995-06-30
2016,2.01,2,1,Grizzlies,Deyonta Davis,6'11,237,Michigan St,1996-12-02
2016,2.02,2,2,Lakers,Ivica Zubac,7'1,265,Mega Leks,1997-03-18
2016,2.03,2,3,Pelicans,Cheick Diallo,6'9,219,Kansas,1996-09-13
2016,2.04,2,4,Suns,Tyler Ulis,5'10,149,Kentucky,1996-01-05
2016,2.05,2,5,Grizzlies,Rade Zagorac,6'9,205,Mega Leks,1995-08-12
2016,2.06,2,6,Bucks,Malcolm Brogdon,6'6,223,Virginia,1992-12-11
2016,2.07,2,7,Rockets,Chinanu Onuaku,6'10,245,Louisville,1996-11-01
2016,2.08,2,8,Warriors,Patrick McCaw,6'7,181,UNLV,1995-10-25
2016,2.09,2,9,Clippers,David Michineau,6'4,180,Chalon,1994-06-06
2016,2.1,2,10,Clippers,Diamond Stone,6'10,254,Maryland,1997-02-10
2016,2.11,2,11,Magic,Stephen Zimmerman,7'0,234,UNLV,1996-09-09
2016,2.12,2,12,Nets,Isaiah Whitehead,6'5,210,Seton Hall,1995-03-08
2016,2.13,2,13,Rockets,Zhou Qi,7'2,218,Xinjiang,1996-01-16
2016,2.14,2,14,Hawks,Isaia Cordinier,6'5,177,Denain,1996-11-28
2016,2.15,2,15,Celtics,Demetrius Jackson,6'2,194,Notre Dame,1994-09-07
2016,2.16,2,16,Mavericks,A.J. Hammons,7'0,278,Purdue,1992-08-27
2016,2.17,2,17,Trailblazers,Jake Layman,6'9,209,Maryland,1994-03-07
2016,2.18,2,18,Bulls,Paul Zipser,6'8,210,Bayern Muenchen,1994-02-18
2016,2.19,2,19,Pistons,Michael Gbinije,6'7,205,Syracuse,1992-06-05
2016,2.2,2,20,Pacers,Georges Niang,6'9,231,Iowa St,1993-06-17
2016,2.21,2,21,Celtics,Ben Bentil,6'8,229,Providence,1995-03-29
2016,2.22,2,22,Jazz,Joel Bolomboy,6'9,224,Weber St,1994-01-28
2016,2.23,2,23,Nuggets,Petr Cornelie,6'11,220,Le Mans,1995-07-26
2016,2.24,2,24,Cavaliers,Kay Felder,5'10,177,Oakland,1995-03-29
2016,2.25,2,25,Jazz,Marcus Paige,6'2,164,North Carolina,1993-09-11
2016,2.26,2,26,Thunder,Daniel Hamilton,6'8,197,Connecticut,1995-08-08
2016,2.27,2,27,Grizzlies,Wang Zhelin,7'0,251,Fujian,1994-01-20
2016,2.28,2,28,Celtics,Abdel Nader,6'6,221,Iowa St,1993-09-25
2016,2.29,2,29,Kings,Isaiah Cousins,6'6,191,Oklahoma,1994-03-13
2016,2.3,2,30,Jazz,Tyrone Wallace,6'6,198,California,1994-06-10
2015,1.01,1,1,Timberwolves,Karl Towns,7'0,248,Kentucky,1995-11-15
2015,1.02,1,2,LA Lakers,D'Angelo Russell,6'5,193,Ohio State,1996-02-23
2015,1.03,1,3,Philadelphia,Jahlil Okafor,6'11,272,Duke,1995-12-15
2015,1.04,1,4,Knicks,Kristaps Porzingis,7'0,230,Sevilla,1995-08-02
2015,1.05,1,5,Magic,Mario Hezonja,6'8,200,Barcelona,1995-02-25
2015,1.06,1,6,Kings,Willie Cauley-Stein,7'1,242,Kentucky,1993-08-18
2015,1.07,1,7,Nuggets,Emmanuel Mudiay,6'5,200,Guangdong,1996-03-05
2015,1.08,1,8,Pistons,Stanley Johnson,6'7,242,Arizona,1996-05-29
2015,1.09,1,9,Hornets,Frank Kaminsky,7'1,231,Wisconsin,1993-04-04
2015,1.1,1,10,Heat,Justise Winslow,6'7,222,Duke,1996-03-26
2015,1.11,1,11,Pacers,Myles Turner,7'0,239,Texas,1996-03-24
2015,1.12,1,12,Jazz,Trey Lyles,6'10,241,Kentucky,1995-11-05
2015,1.13,1,13,Suns,Devin Booker,6'6,206,Kentucky,1996-10-30
2015,1.14,1,14,Thunder,Cameron Payne,6'2,183,Murray State,1994-08-08
2015,1.15,1,15,Washington,Kelly Oubre,6'7,203,Kansas,1995-12-09
2015,1.16,1,16,Celtics,Terry Rozier,6'2,190,Louisville,1994-03-17
2015,1.17,1,17,Bucks,Rashad Vaughn,6'5,199,UNLV,1996-08-16
2015,1.18,1,18,Rockets,Sam Dekker,6'9,219,Wisconsin,1994-05-08
2015,1.19,1,19,New York,Jerian Grant,6'5,198,Notre Dame,1992-10-09
2015,1.2,1,20,Raptors,Delon Wright,6'6,181,Utah,1992-04-26
2015,1.21,1,21,Mavericks,Justin Anderson,6'6,231,Virginia,1993-11-19
2015,1.22,1,22,Bulls,Bobby Portis,6'11,246,Arkansas,1995-02-10
2015,1.23,1,23,Brooklyn,Rondae Hollis-Jefferson,6'7,211,Arizona,1995-01-03
2015,1.24,1,24,Minnesota,Tyus Jones,6'2,185,Duke,1996-05-10
2015,1.25,1,25,Grizzlies,Jarell Martin,6'9,239,LSU,1994-05-24
2015,1.26,1,26,Spurs,Nikola Milutinov,7'0,220,Partizan,1994-12-30
2015,1.27,1,27,Lakers,Larry Nance,6'9,227,Wyoming,1993-01-01
2015,1.28,1,28,Celtics,R.J. Hunter,6'6,185,Georgia State,1993-10-24
2015,1.29,1,29,Nets,Chris McCullough,6'9,199,Syracuse,1995-02-05
2015,1.3,1,30,Warriors,Kevon Looney,6'9,222,UCLA,1996-02-06
2015,2.01,2,1,Cleveland,Cedi Osman,6'8,190,Anadolu Efes,1995-04-08
2015,2.02,2,2,Rockets,Montrezl Harrell,6'8,253,Louisville,1994-01-26
2015,2.03,2,3,Celtics,Jordan Mickey,6'8,238,LSU,1994-07-09
2015,2.04,2,4,Lakers,Anthony Brown,6'7,211,Stanford,1992-10-10
2015,2.05,2,5,76ers,Guillermo Hernangomez,6'11,255,Sevilla,1994-05-27
2015,2.06,2,6,Cleveland,Rakeem Christmas,6'10,243,Syracuse,1991-12-01
2015,2.07,2,7,76ers,Richaun Holmes,6'10,243,Bowling Green,1993-10-15
2015,2.08,2,8,Pistons,Darrun Hilliard,6'6,220,Villanova,1993-04-13
2015,2.09,2,9,Brooklyn,Juan Vaulet,6'6,200,Bahia Blanca,1996-03-22
2015,2.1,2,10,Heat,Josh Richardson,6'6,200,Tennessee,1993-09-15
2015,2.11,2,11,Portland,Pat Connaughton,6'5,215,Notre Dame,1993-01-06
2015,2.12,2,12,Jazz,Olivier Hanlan,6'4,186,Boston College,1993-02-15
2015,2.13,2,13,Pacers,Joseph Young,6'2,182,Oregon,1992-06-27
2015,2.14,2,14,Memphis,Andrew Harrison,6'6,213,Kentucky,1994-10-20
2015,2.15,2,15,Celtics,Marcus Thornton,6'3,177,William & Mary,1993-02-09
2015,2.16,2,16,Toronto,Norman Powell,6'4,215,UCLA,1993-05-25
2015,2.17,2,17,76ers,Arturas Gudaitis,6'10,253,Zalgiris,1993-06-19
2015,2.18,2,18,Thunder,Dakari Johnson,7'0,265,Kentucky,1995-09-22
2015,2.19,2,19,Wizards,Aaron White,6'9,220,Iowa,1992-09-10
2015,2.2,2,20,Hawks,Marcus Eriksson,6'7,178,Barcelona,1993-12-05
2015,2.21,2,21,Magic,Tyler Harvey,6'4,181,Eastern Wash.,1993-07-17
2015,2.22,2,22,Mavericks,Satnam Singh,7'2,290,IMG Academy,1995-12-10
2015,2.23,2,23,Cavaliers,Sir'Dominic Pointer,6'5,193,St. John's,1992-05-06
2015,2.24,2,24,Portland,Daniel Diez,6'8,216,San Sebastian,1993-04-07
2015,2.25,2,25,Spurs,Cady Lalanne,6'10,241,Massachusetts,1992-04-22
2015,2.26,2,26,Pelicans,Branden Dawson,6'7,230,Michigan State,1993-02-01
2015,2.27,2,27,Nuggets,Nikola Radicevic,6'5,200,Sevilla,1994-04-26
2015,2.28,2,28,76ers,J.P. Tokoto,6'6,196,North Carolina,1993-09-15
2015,2.29,2,29,Hawks,Dimitris Agravanis,6'10,210,Olympiakos,1994-12-20
2015,2.3,2,30,76ers,Luka Mitrovic,6'8,200,Red Star,1993-03-21
2014,1.01,1,1,Cavaliers,Andrew Wiggins,6'8,197,Kansas,1995-02-23
2014,1.02,1,2,Bucks,Jabari Parker,6'8,241,Duke,1995-03-15
2014,1.03,1,3,76ers,Joel Embiid,7'0,240,Kansas,1994-03-16
2014,1.04,1,4,Magic,Aaron Gordon,6'9,220,Arizona,1995-09-16
2014,1.05,1,5,Jazz,Dante Exum,6'6,196,Australian Institute of Sport,1995-07-13
2014,1.06,1,6,Celtics,Marcus Smart,6'3,227,Oklahoma State,1994-03-06
2014,1.07,1,7,Lakers,Julius Randle,6'9,250,Kentucky,1994-11-29
2014,1.08,1,8,Kings,Nik Stauskas,6'6,207,Michigan,1993-10-07
2014,1.09,1,9,Hornets,Noah Vonleh,6'9,247,Indiana,1995-08-24
2014,1.1,1,10,Magic,Elfrid Payton,6'4,185,La Lafayette,1994-02-22
2014,1.11,1,11,Bulls,Doug McDermott,6'8,218,Creighton,1992-01-03
2014,1.12,1,12,76ers,Dario Saric,6'10,223,Cibona Zagreb,1994-04-08
2014,1.13,1,13,Timberwolves,Zach LaVine,6'6,181,UCLA,1995-03-10
2014,1.14,1,14,Suns,T.J. Warren,6'8,220,N.C. State,1993-09-05
2014,1.15,1,15,Hawks,Adreian Payne,6'10,239,Michigan State,1991-02-18
2014,1.16,1,16,Nuggets,Jusuf Nurkic,6'11,280,Cedevita,1994-08-23
2014,1.17,1,17,Celtics,James Young,6'7,213,Kentucky,1995-08-16
2014,1.18,1,18,Suns,Tyler Ennis,6'2,182,Syracuse,1994-08-24
2014,1.19,1,19,Nuggets,Gary Harris,6'4,205,Michigan State,1994-09-14
2014,1.2,1,20,Raptors,Bruno Caboclo,6'9,200,Pinheiros,1995-09-21
2014,1.21,1,21,Thunder,Mitch McGary,6'10,263,Michigan,1992-06-06
2014,1.22,1,22,Grizzlies,Jordan Adams,6'5,209,UCLA,1994-07-08
2014,1.23,1,23,Jazz,Rodney Hood,6'8,208,Duke,1992-10-20
2014,1.24,1,24,Heat,Shabazz Napier,6'1,175,Connecticut,1991-07-14
2014,1.25,1,25,Rockets,Clint Capela,6'11,222,Chalon,1994-05-18
2014,1.26,1,26,Bobcats,P.J. Hairston,6'5,229,North Carolina,1992-12-24
2014,1.27,1,27,Suns,Bogdan Bogdanovic,6'6,200,Partizan,1992-08-18
2014,1.28,1,28,Clippers,C.J. Wilcox,6'5,201,Washington,1990-12-30
2014,1.29,1,29,Thunder,Josh Huestis,6'7,213,Stanford,1991-12-19
2014,1.3,1,30,Spurs,Kyle Anderson,6'8,230,UCLA,1993-09-20
2014,2.01,2,1,Bucks,Damien Inglis,6'8,240,Roanne,1995-05-20
2014,2.02,2,2,76ers,K.J. McDaniels,6'6,196,Clemson,1993-02-09
2014,2.03,2,3,Cavaliers,Joe Harris,6'6,215,Virginia,1991-09-07
2014,2.04,2,4,Knicks,Cleanthony Early,6'7,209,Wichita State,1991-04-17
2014,2.05,2,5,Jazz,Jarnell Stokes,6'8,263,Tennessee,1994-01-07
2014,2.06,2,6,Bucks,Johnny O'Bryant,6'8,257,LSU,1993-06-01
2014,2.07,2,7,Raptors,DeAndre Daniels,6'8,196,Connecticut,1992-04-15
2014,2.08,2,8,Pistons,Spencer Dinwiddie,6'6,205,Colorado,1993-04-06
2014,2.09,2,9,76ers,Jerami Grant,6'8,214,Syracuse,1994-03-12
2014,2.1,2,10,Timberwolves,Glenn Robinson,6'7,211,Michigan,1994-01-08
2014,2.11,2,11,Nuggets,Nikola Jokic,6'11,253,Mega Vizura,1995-02-19
2014,2.12,2,12,Rockets,Nick Johnson,6'3,198,Arizona,1992-12-22
2014,2.13,2,13,Hawks,Walter Tavares,7'3,265,Gran Canaria,1992-03-22
2014,2.14,2,14,Timberwolves,Markel Brown,6'3,184,Oklahoma State,1992-01-29
2014,2.15,2,15,Hornets,Dwight Powell,6'11,234,Stanford,1991-07-20
2014,2.16,2,16,Wizards,Jordan Clarkson,6'5,186,Missouri,1992-06-07
2014,2.17,2,17,76ers,Russ Smith,6'1,160,Louisville,1991-04-19
2014,2.18,2,18,Bucks,Lamar Patterson,6'5,226,Pittsburgh,1991-08-12
2014,2.19,2,19,Bulls,Cameron Bairstow,6'10,252,New Mexico,1990-12-07
2014,2.2,2,20,Suns,Alec Brown,7'1,231,Wisc. Green Bay,1992-07-23
2014,2.21,2,21,Knicks,Thanasis Antetokounmpo,6'6,205,Delaware,1992-07-17
2014,2.22,2,22,76ers,Vasilije Micic,6'6,202,Mega Vizura,1994-01-13
2014,2.23,2,23,Timberwolves,Alessandro Gentile,6'6,200,Milano,1992-11-12
2014,2.24,2,24,76ers,Nemanja Dangubic,6'8,193,Mega Vizura,1993-04-13
2014,2.25,2,25,Heat,Semaj Christon,6'3,186,Xavier,1992-11-01
2014,2.26,2,26,Magic,Devyn Marble,6'6,192,Iowa,1992-09-21
2014,2.27,2,27,Pacers,Louis Labeyrie,6'10,200,Paris-Levallois,1992-02-11
2014,2.28,2,28,Spurs,Jordan McRae,6'5,179,Tennessee,1991-03-28
2014,2.29,2,29,Raptors,Xavier Thames,6'3,187,San Diego State,1991-01-19
2014,2.3,2,30,Spurs,Corey Jefferson,6'9,218,Baylor,1990-12-26
2013,1.01,1,1,Cavaliers,Anthony Bennett,6'7,239,UNLV,1993-03-14
2013,1.02,1,2,Magic,Victor Oladipo,6'4,213,Indiana,1992-05-04
2013,1.03,1,3,Wizards,Otto Porter,6'9,198,Georgetown,1993-06-03
2013,1.04,1,4,Bobcats,Cody Zeller,7'0,230,Indiana,1992-10-05
2013,1.05,1,5,Suns,Alex Len,7'1,255,Maryland,1993-06-16
2013,1.06,1,6,76ers,Nerlens Noel,7'0,206,Kentucky,1994-04-10
2013,1.07,1,7,Kings,Ben McLemore,6'5,189,Kansas,1993-02-11
2013,1.08,1,8,Pistons,Kentavious Caldwell-Pope,6'6,204,Georgia,1993-02-18
2013,1.09,1,9,Jazz,Trey Burke,6'1,187,Michigan,1992-11-12
2013,1.1,1,10,Trailblazers,C.J. McCollum,6'3,197,Lehigh,1991-09-19
2013,1.11,1,11,76ers,Michael Carter-Williams,6'6,184,Syracuse,1991-10-12
2013,1.12,1,12,Thunder,Steven Adams,7'0,255,Pittsburgh,1993-07-28
2013,1.13,1,13,Celtics,Kelly Olynyk,7'0,234,Gonzaga,1991-04-19
2013,1.14,1,14,Timberwolves,Shabazz Muhammad,6'6,222,UCLA,1992-11-13
2013,1.15,1,15,Bucks,Giannis Adetokunbo,6'9,196,Filathlitikos,1994-12-06
2013,1.16,1,16,Hawks,Lucas Nogueira,7'0,220,Estudiantes,1992-07-26
2013,1.17,1,17,Hawks,Dennis Schroeder,6'2,165,Braunschweig,1993-09-15
2013,1.18,1,18,Mavericks,Shane Larkin,5'11,171,Miami FL,1992-10-02
2013,1.19,1,19,Cavaliers,Sergey Karasev,6'7,197,Triumph Moscow,1993-10-26
2013,1.2,1,20,Bulls,Tony Snell,6'7,198,New Mexico,1991-11-10
2013,1.21,1,21,Timberwolves,Gorgui Dieng,6'11,230,Louisville,1990-01-18
2013,1.22,1,22,Nets,Mason Plumlee,7'0,238,Duke,1990-03-05
2013,1.23,1,23,Pacers,Solomon Hill,6'7,226,Arizona,1991-03-18
2013,1.24,1,24,Knicks,Tim Hardaway Jr,6'6,185,Michigan,1992-03-16
2013,1.25,1,25,Clippers,Reggie Bullock,6'7,200,North Carolina,1991-03-16
2013,1.26,1,26,Thunder,Andre Roberson,6'7,206,Colorado,1991-12-04
2013,1.27,1,27,Jazz,Rudy Gobert,7'2,238,Cholet,1992-06-26
2013,1.28,1,28,Spurs,Livio Jean-Charles,6'9,217,Villeurbanne,1993-11-08
2013,1.29,1,29,Suns,Archie Goodwin,6'5,189,Kentucky,1994-08-17
2013,1.3,1,30,Warriors,Nemanja Nedovic,6'4,200,Lietuvos Rytas,1991-06-16
2013,2.01,2,1,Trailblazers,Allen Crabbe,6'6,197,California,1992-04-04
2013,2.02,2,2,Thunder,Alex Abrines,6'5,190,Barcelona,1993-08-01
2013,2.03,2,3,Cavaliers,Carrick Felix,6'6,203,Arizona State,1990-08-17
2013,2.04,2,4,Rockets,Isaiah Canaan,6'0,188,Murray State,1991-05-21
2013,2.05,2,5,Wizards,Glen Rice,6'6,211,Rio Grande Valley,1991-01-01
2013,2.06,2,6,Kings,Ray McCallum,6'2,191,Detroit,1991-06-12
2013,2.07,2,7,Pistons,Tony Mitchell,6'9,236,North Texas,1992-04-07
2013,2.08,2,8,Bucks,Nate Wolters,6'5,196,South Dakota St,1991-05-15
2013,2.09,2,9,Trailblazers,Jeff Withey,7'0,222,Kansas,1990-03-07
2013,2.1,2,10,Thunder,Grant Jerrett,6'10,232,Arizona,1993-07-08
2013,2.11,2,11,Grizzlies,Jamaal Franklin,6'5,191,San Diego State,1991-07-21
2013,2.12,2,12,Pelicans,Pierre Jackson,5'10,176,Baylor,1991-08-29
2013,2.13,2,13,Mavericks,Ricky Ledo,6'6,197,Providence,1992-09-10
2013,2.14,2,14,Hawks,Mike Muscala,6'11,230,Bucknell,1991-07-01
2013,2.15,2,15,Trailblazers,Marko Todorovic,6'11,240,Barcelona,1992-04-19
2013,2.16,2,16,Nuggets,Erick Green,6'3,178,Virginia Tech,1991-05-09
2013,2.17,2,17,Hawks,Raul Neto,6'2,179,San Sebastian,1992-05-19
2013,2.18,2,18,Lakers,Ryan Kelly,7'0,228,Duke,1991-04-09
2013,2.19,2,19,Bulls,Erik Murphy,6'10,240,Florida,1990-10-26
2013,2.2,2,20,Heat,James Ennis,6'7,201,Long Beach State,1990-07-01
2013,2.21,2,21,Magic,Romero Osby,6'7,230,Oklahoma,1990-05-07
2013,2.22,2,22,Timberwolves,Lorenzo Brown,6'5,189,N.C. State,1990-08-26
2013,2.23,2,23,Celtics,Colton Iverson,7'0,263,Colorado State,1989-06-29
2013,2.24,2,24,76ers,Arsalan Kazemi,6'8,225,Oregon,1990-04-22
2013,2.25,2,25,Nuggets,Joffrey Lauvergne,6'11,240,Partizan,1991-09-30
2013,2.26,2,26,Pistons,Peyton Siva,6'1,181,Louisville,1990-10-24
2013,2.27,2,27,Suns,Alex Oriakhi,6'9,238,Missouri,1990-06-21
2013,2.28,2,28,Spurs,Deshaun Thomas,6'7,220,Ohio State,1991-08-29
2013,2.29,2,29,Timberwolves,Bojan Dubljevic,6'10,242,Valencia,1991-10-24
2013,2.3,2,30,Grizzlies,Janis Timma,6'7,226,Ventspils,1992-07-02
2012,1.01,1,1,Hornets,Anthony Davis,6'10'',222,Kentucky,1993-03-11
2012,1.02,1,2,Bobcats,Michael Kidd-Gilchrist,6'7'',233,Kentucky,1993-09-28
2012,1.03,1,3,Wizards,Bradley Beal,6'5'',202,Florida,1993-06-28
2012,1.04,1,4,Cavaliers,Dion Waiters,6'4'',221,Syracuse,1991-12-01
2012,1.05,1,5,Kings,Thomas Robinson,6'9'',244,Kansas,1991-03-17
2012,1.06,1,6,Trailblazers,Damian Lillard,6'3'',189,Weber State,1990-07-15
2012,1.07,1,7,Warriors,Harrison Barnes,6'8'',228,North Carolina,1992-05-30
2012,1.08,1,8,Raptors,Terrence Ross,6'7'',197,Washington,1991-02-05
2012,1.09,1,9,Pistons,Andre Drummond,7'0'',279,Connecticut,1993-08-10
2012,1.1,1,10,Hornets,Austin Rivers,6'5'',203,Duke,1992-08-01
2012,1.11,1,11,Trailblazers,Meyers Leonard,7'1'',250,Illinois,1992-02-27
2012,1.12,1,12,Rockets,Jeremy Lamb,6'5'',179,Connecticut,1992-05-30
2012,1.13,1,13,Suns,Kendall Marshall,6'4'',198,North Carolina,1991-09-19
2012,1.14,1,14,Bucks,John Henson,6'10'',216,North Carolina,1990-12-28
2012,1.15,1,15,76ers,Moe Harkless,6'9'',207,St. John's,1993-05-11
2012,1.16,1,16,Rockets,Royce White,6'8'',261,Iowa State,1991-04-10
2012,1.17,1,17,Cavaliers,Tyler Zeller,7'0'',247,North Carolina,1990-01-17
2012,1.18,1,18,Rockets,Terrence Jones,6'9'',252,Kentucky,1992-01-09
2012,1.19,1,19,Magic,Andrew Nicholson,6'9'',234,St. Bonaventure,1989-12-08
2012,1.2,1,20,Nuggets,Evan Fournier,6'7'',204,Poitiers,1992-10-29
2012,1.21,1,21,Celtics,Jared Sullinger,6'9'',268,Ohio State,1992-03-04
2012,1.22,1,22,Celtics,Fab Melo,7'0'',255,Syracuse,1990-06-20
2012,1.23,1,23,Hawks,John Jenkins,6'4'',212,Vanderbilt,1991-03-06
2012,1.24,1,24,Mavericks,Jared Cunningham,6'5'',188,Oregon State,1991-05-22
2012,1.25,1,25,Grizzlies,Tony Wroten,6'6'',203,Washington,1993-04-14
2012,1.26,1,26,Pacers,Miles Plumlee,7'0'',252,Duke,1988-09-01
2012,1.27,1,27,76ers,Arnett Moultrie,6'11'',233,Mississippi St.,1990-11-18
2012,1.28,1,28,Thunder,Perry Jones,6'11'',234,Baylor,1991-09-24
2012,1.29,1,29,Bulls,Marquis Teague,6'2'',180,Kentucky,1993-02-28
2012,1.3,1,30,Warriors,Festus Ezeli,6'11'',264,Vanderbilt,1989-10-21
2012,2.01,2,1,Bobcats,Jeff Taylor,6'7'',213,Vanderbilt,1989-05-23
2012,2.02,2,2,Wizards,Tomas Satoransky,6'7'',201,Sevilla,1991-10-30
2012,2.03,2,3,Mavericks,Bernard James,6'10'',230,Florida State,1985-02-07
2012,2.04,2,4,Mavericks,Jae Crowder,6'6'',241,Marquette,1990-07-06
2012,2.05,2,5,Warriors,Draymond Green,6'7'',236,Michigan State,1990-03-04
2012,2.06,2,6,Kings,Orlando Johnson,6'5'',224,UC Santa Barbara,1989-03-11
2012,2.07,2,7,Raptors,Quincy Acy,6'8'',224,Baylor,1990-10-06
2012,2.08,2,8,Nuggets,Quincy Miller,6'10'',219,Baylor,1992-11-18
2012,2.09,2,9,Pistons,Khris Middleton,6'8'',216,Texas A&M,1991-08-12
2012,2.1,2,10,Trailblazers,Will Barton,6'6'',174,Memphis,1991-01-06
2012,2.11,2,11,Trailblazers,Tyshawn Taylor,6'4'',177,Kansas,1990-04-12
2012,2.12,2,12,Bucks,Doron Lamb,6'5'',199,Kentucky,1991-11-06
2012,2.13,2,13,Hawks,Mike Scott,6'9'',241,Virginia,1988-07-16
2012,2.14,2,14,Pistons,Kim English,6'6'',192,Missouri,1988-09-24
2012,2.15,2,15,Heat,Justin Hamilton,6'11'',264,LSU,1990-04-01
2012,2.16,2,16,Hornets,Darius Miller,6'7'',233,Kentucky,1990-03-21
2012,2.17,2,17,Jazz,Kevin Murphy,6'6'',194,Tennessee Tech,1990-03-06
2012,2.18,2,18,Knicks,Kostas Papanikolaou,6'8'',230,Olympiakos,1990-07-31
2012,2.19,2,19,Magic,Kyle O'Quinn,6'10'',241,Norfolk State,1990-03-26
2012,2.2,2,20,Nuggets,Izzet Turkyilmaz,7'1'',211,Banvit,1990-05-20
2012,2.21,2,21,Celtics,Kris Joseph,6'7'',215,Syracuse,1988-12-17
2012,2.22,2,22,Warriors,Ognjen Kuzmic,7'1'',231,Malaga,1990-05-16
2012,2.23,2,23,Clippers,Furkan Aldemir,6'9'',220,Galatasaray,1991-08-09
2012,2.24,2,24,Nets,Tornike Shengelia,6'9'',228,Charleroi,1991-10-05
2012,2.25,2,25,Lakers,Darius Johnson-Odom,6'3'',212,Marquette,1989-09-28
2012,2.26,2,26,Raptors,Tomislav Zubcic,6'11'',229,Cibona Zagreb,1990-01-07
2012,2.27,2,27,Nets,Ilkan Karaman,6'9'',236,Karsiyaka,1990-05-13
2012,2.28,2,28,Timberwolves,Robbie Hummel,6'8'',218,Purdue,1989-03-08
2012,2.29,2,29,Spurs,Marcus Denmon,6'3'',188,Missouri,1990-03-20
2012,2.3,2,30,Lakers,Robert Sacre,7'0'',263,Gonzaga,1989-06-06
2011,1.01,1,1,Cavaliers,Kyrie Irving,"6'3""",190,Duke,1992-03-23
2011,1.02,1,2,Timberwolves,Derrick Williams,"6'9""",250,Arizona,1991-05-25
2011,1.03,1,3,Jazz,Enes Kanter,"6'11""",260,Kentucky,1992-05-20
2011,1.04,1,4,Cavaliers,Tristan Thompson,"6'9""",230,Texas,1991-03-13
2011,1.05,1,5,Raptors,Jonas Valanciunas,"6'11""",240,LietuvosRytas,1992-05-06
2011,1.06,1,6,Wizards,Jan Vesely,"6'11""",240,KKPartizanBelgrade,1990-04-24
2011,1.07,1,7,Kings,Bismack Biyombo,"6'9""",240,BaloncestoFuenlabrada,1992-08-28
2011,1.08,1,8,Pistons,Brandon Knight,"6'3""",180,Kentucky,1991-12-02
2011,1.09,1,9,Bobcats,Kemba Walker,"6'1""",185,Connecticut,1990-05-08
2011,1.1,1,10,Bucks,Jimmer Fredette,"6'2""",195,BYU,1989-02-25
2011,1.11,1,11,Warriors,Klay Thompson,"6'7""",205,WashingtonState,1990-02-08
2011,1.12,1,12,Jazz,Alec Burks,"6'6""",195,Colorado,1991-07-20
2011,1.13,1,13,Suns,Markieff Morris,"6'10""",240,Kansas,1989-09-02
2011,1.14,1,14,Rockets,Marcus Morris,"6'9""",230,Kansas,1989-09-02
2011,1.15,1,15,Pacers,Kawhi Leonard,"6'7""",225,SanDiegoState,1991-06-29
2011,1.16,1,16,76ers,Nikola Vucevic,"7'0""",260,USC,1990-10-24
2011,1.17,1,17,Knicks,Iman Shumpert,"6'6""",220,GeorgiaTech,1990-06-26
2011,1.18,1,18,Hawks,Chris Singleton,"6'9""",230,FloridaState,1989-11-21
2011,1.19,1,19,Hornets,Tobias Harris,"6'8""",225,Tennessee,1992-07-15
2011,1.2,1,20,Timberwolves,Donatas Motiejunas,"7'0""",215,BenettonTreviso,1990-09-20
2011,1.21,1,21,Trailblazers,Nolan Smith,"6'4""",190,Duke,1988-07-25
2011,1.22,1,22,Nuggets,Kenneth Faried,"6'8""",225,MoreheadState,1989-11-19
2011,1.23,1,23,Magic,Nikola Mirotic,"6'10""",210,RealMadrid,1991-02-11
2011,1.24,1,24,Thunder,Reggie Jackson,"6'3""",208,BostonCollege,1990-04-16
2011,1.25,1,25,Celtics,Marshon Brooks,"6'5""",195,Providence,1989-01-26
2011,1.26,1,26,Mavericks,Jordan Hamilton,"6'8""",230,Texas,1990-10-06
2011,1.27,1,27,Nets,JaJuan Johnson,"6'10""",220,Purdue,1989-02-08
2011,1.28,1,28,Bulls,Norris Cole,"6'2""",175,ClevelandSt.,1988-10-13
2011,1.29,1,29,Spurs,Cory Joseph,"6'3""",185,Texas,1991-09-20
2011,1.3,1,30,Bulls,Jimmy Butler,"6'8""",220,Marquette,1989-09-14
2011,2.01,2,1,Timberwolves,Bojan Bogdanovic,"6'7""",216,CibonaVIPZagreb,1989-04-18
2011,2.02,2,2,Cavaliers,Justin Harper,"6'9""",230,Richmond,1989-08-30
2011,2.03,2,3,Raptors,Kyle Singler,"6'9""",225,Duke,1988-05-04
2011,2.04,2,4,Wizards,Shelvin Mack,"6'2""",210,Butler,1990-04-22
2011,2.05,2,5,Kings,Tyler Honeycutt,"6'8""",190,UCLA,1990-07-15
2011,2.06,2,6,Nets,Jordan Williams,"6'9""",250,Maryland,1990-10-11
2011,2.07,2,7,Pistons,Trey Thompkins,"6'10""",240,Georgia,1990-05-29
2011,2.08,2,8,Clippers,Chandler Parsons,"6'10""",220,Florida,1988-10-25
2011,2.09,2,9,Bobcats,Jeremy Tyler,"6'11""",260,TokyoApache,1991-06-12
2011,2.1,2,10,Bucks,Jon Leuer,"6'11""",225,Wisconsin,1989-05-14
2011,2.11,2,11,Warriors,Darius Morris,"6'5""",190,Michigan,1991-01-03
2011,2.12,2,12,Pacers,Davis Bertans,"6'10""",210,UnionOlimpijaLjubljana,1992-11-12
2011,2.13,2,13,Bulls,Malcolm Lee,"6'5""",200,UCLA,1990-05-22
2011,2.14,2,14,Suns,Charles Jenkins,"6'3""",220,Hofstra,1989-02-28
2011,2.15,2,15,76ers,Josh Harrellson,"6'8""",279,Kentucky,1989-02-12
2011,2.16,2,16,Knicks,Andrew Goudelock,"6'3""",200,CollOfCharltn,1988-12-07
2011,2.17,2,17,Rockets,Travis Leslie,"6'4""",205,Georgia,1990-03-29
2011,2.18,2,18,Hawks,Keith Benson,"6'11""",220,Oakland,1988-08-13
2011,2.19,2,19,Grizzlies,Josh Selby,"6'3""",195,Kansas,1991-03-27
2011,2.2,2,20,Hornets,Lavoy Allen,"6' 9""",225,Temple,1989-02-04
2011,2.21,2,21,Trailblazers,Jon Diebler,"6' 6""",200,Ohio State,1988-06-22
2011,2.22,2,22,Nuggets,Vernon Macklin,"6' 9""",245,Florida,1986-09-26
2011,2.23,2,23,Magic,DeAndre Liggins,"6' 6""",205,Kentucky,1988-03-31
2011,2.24,2,24,Thunder,Milan Macvan,"6' 9""",265,KK Hemofarm,1989-11-16
2011,2.25,2,25,Celtics,E'Twaun Moore,"6'4""",191,Purdue,1989-02-28
2011,2.26,2,26,Lakers,Chu Chu Maduabum,,,,
2011,2.27,2,27,Mavericks,Tanguy Ngombo,"6' 6""",230,AL-RAYYAN (QATAR),1989-07-10
2011,2.28,2,28,Heat,Ater Majok,"6' 10""",225,FMV ISIKSPOR ISTANBUL,1987-07-04
2011,2.29,2,29,Spurs,Adam Hanga,"6' 7""",200,ALBACOMP (HUNGARY),1989-04-12
2011,2.3,2,30,Bulls,Isaiah Thomas,"5'10""",190,Washington,1989-02-07
2010,1.01,1,1,Wizards,John Wall,6'4,195,Kentucky,1990-09-06
2010,1.02,1,2,76ers,Evan Turner,6'7,205,Ohio State,1988-10-27
2010,1.03,1,3,Nets,Derrick Favors,6'10,246,Georgia Tech,1991-07-15
2010,1.04,1,4,Timberwolves,Wesley Johnson,6'7,195,Syracuse,1987-07-11
2010,1.05,1,5,Kings,DeMarcus Cousins,6'11,270,Kentucky,1990-08-13
2010,1.06,1,6,Warriors,Ekpe Udoh,6'10,240,Baylor,1987-05-20
2010,1.07,1,7,Pistons,Greg Monroe,6'11,240,Georgetown,1990-06-04
2010,1.08,1,8,Clippers,Al-Farouq Aminu,6'8,210,Wake Forest,1990-09-21
2010,1.09,1,9,Jazz,Gordon Hayward,6'8,200,Butler,1990-03-23
2010,1.1,1,10,Pacers,Paul George,6'9,215,Fresno State,1990-05-02
2010,1.11,1,11,Hornets,Cole Aldrich,6'11,250,Kansas,1988-10-31
2010,1.12,1,12,Grizzlies,Xavier Henry,6'6,210,Kansas,1991-03-15
2010,1.13,1,13,Raptors,Ed Davis,6'9,215,North Carolina,1989-06-05
2010,1.14,1,14,Rockets,Patrick Patterson,6'8,223,Kentucky,1989-03-14
2010,1.15,1,15,Bucks,Larry Sanders,6'9,205,VCU,1988-11-21
2010,1.16,1,16,Timberwolves,Luke Babbitt,6'7,215,Nevada,1989-06-20
2010,1.17,1,17,Bulls,Kevin Seraphin,6'9,258,Cholet,1989-12-07
2010,1.18,1,18,Thunder,Eric Bledsoe,6'1,190,Kentucky,1990-10-23
2010,1.19,1,19,Celtics,Avery Bradley,6'3,180,Texas,1990-11-26
2010,1.2,1,20,Spurs,James Anderson,6'6,195,Oklahoma State,1989-03-25
2010,1.21,1,21,Thunder,Craig Brackins,6'10,230,Iowa State,1987-10-09
2010,1.22,1,22,Trailblazers,Elliot Williams,6'4,175,Memphis,1989-06-20
2010,1.23,1,23,Timberwolves,Trevor Booker,6'7,215,Clemson,1987-11-25
2010,1.24,1,24,Hawks,Damion James,6'7,225,Texas,1987-10-07
2010,1.25,1,25,Grizzlies,Dominique Jones,6'4,205,South Florida,1988-10-15
2010,1.26,1,26,Thunder,Quincy Pondexter,6'6,220,Washington,1988-03-10
2010,1.27,1,27,Nets,Jordan Crawford,6'4,195,Xavier,1988-10-23
2010,1.28,1,28,Grizzlies,Greivis Vasquez,6'5,195,Maryland,1987-01-16
2010,1.29,1,29,Magic,Daniel Orton,6'10,260,Kentucky,1990-08-06
2010,1.3,1,30,Wizards,Lazar Hayward,6'6,225,Marquette,1986-11-26
2010,2.01,2,1,Nets,Tibor Pleiss,7'0,220,Brose Baskets Bamberg,1989-11-02
2010,2.02,2,2,Heat,Dexter Pittman,6'10,310,Texas,1988-03-02
2010,2.03,2,3,Kings,Hassan Whiteside,7'0,235,Marshall,1989-06-13
2010,2.04,2,4,Trailblazers,Armon Johnson,6'3,195,Nevada,1989-02-23
2010,2.05,2,5,Wizards,Nemanja Bjelica,6'10,210,BC Red Star Belgrade,1988-05-09
2010,2.06,2,6,Pistons,Terrico White,6'5,211,Mississippi,1990-03-07
2010,2.07,2,7,Bucks,Darington Hobson,6'7,205,New Mexico,1987-09-29
2010,2.08,2,8,Knicks,Andy Rautins,6'4,195,Syracuse,1986-11-02
2010,2.09,2,9,Knicks,Landry Fields,6'7,210,Stanford,1988-06-27
2010,2.1,2,10,Pacers,Lance Stephenson,6'5,200,Cincinnati,1990-09-05
2010,2.11,2,11,Heat,Jarvis Varnado,6'9,210,Mississippi St.,1988-03-01
2010,2.12,2,12,Heat,Da'Sean Butler,6'7,205,West Virginia,1988-01-25
2010,2.13,2,13,Lakers,Devin Ebanks,6'8,205,West Virginia,1989-10-28
2010,2.14,2,14,Bucks,Jerome Jordan,7'0,235,Tulsa,1986-09-29
2010,2.15,2,15,Timberwolves,Paulao Prestes,6'10,265,CB Murcia,1988-02-15
2010,2.16,2,16,Suns,Gani Lawal,6'8,233,Georgia Tech,1988-11-07
2010,2.17,2,17,Bucks,Tiny Gallon,6'8,320,Oklahoma,0000-00-00
2010,2.18,2,18,Heat,Latavious Williams,6'8,190,Tulsa 66ers,1989-03-29
2010,2.19,2,19,Spurs,Ryan Richards,6'10,225,Kalise Gran Canaria,1991-04-24
2010,2.2,2,20,Mavericks,Solomon Alabi,7'1,251,Florida State,1988-03-21
2010,2.21,2,21,Thunder,Magnum Rolle,6'10,200,Louisiana Tech,1986-02-23
2010,2.22,2,22,Celtics,Luke Harangody,6'8,251,Notre Dame,1988-01-02
2010,2.23,2,23,Hawks,Pape Sy,0'0,,,0000-00-00
2010,2.24,2,24,Clippers,Willie Warren,6'4,200,Oklahoma,1989-10-22
2010,2.25,2,25,Jazz,Jeremy Evans,6'9,190,Western Kentucky,1987-10-24
2010,2.26,2,26,Timberwolves,Hamady N'Diaye,6'11,225,Rutgers,1987-01-12
2010,2.27,2,27,Pacers,Ryan Reid,0'0,,,0000-00-00
2010,2.28,2,28,Lakers,Derrick Caracter,6'9,265,UTEP,1988-05-04
2010,2.29,2,29,Magic,Stanley Robinson,6'9,225,Connecticut,1988-07-14
2010,2.3,2,30,Suns,Dwayne Collins,6'8,232,"Miami, FL",1988-04-13
2009,1.01,1,1,Clippers,Blake Griffin,6'10,251,Oklahoma,1989-03-16
2009,1.02,1,2,Grizzlies,Hasheem Thabeet,7'3,265,Connecticut,1987-02-16
2009,1.03,1,3,Thunder,James Harden,6'5,218,Arizona State,1989-08-26
2009,1.04,1,4,Kings,Tyreke Evans,6'5,195,Memphis,1989-09-19
2009,1.05,1,5,Timberwolves,Ricky Rubio,6'4,180,DKV Joventut,1990-10-21
2009,1.06,1,6,Timberwolves,Jonny Flynn,6'0,172,Syracuse,1989-02-06
2009,1.07,1,7,Warriors,Stephen Curry,6'3,185,Davidson,1988-03-14
2009,1.08,1,8,Knicks,Jordan Hill,6'10,235,Arizona,1987-07-27
2009,1.09,1,9,Raptors,Demar DeRozan,6'7,207,USC,1989-08-07
2009,1.1,1,10,Bucks,Brandon Jennings,6'1,170,Lottomatica Roma,1989-09-23
2009,1.11,1,11,Nets,Terrence Williams,6'6,220,Louisville,1987-06-28
2009,1.12,1,12,Bobcats,Gerald Henderson,6'5,215,Duke,1987-12-09
2009,1.13,1,13,Pacers,Tyler Hansbrough,6'9,230,North Carolina,1985-11-03
2009,1.14,1,14,Suns,Earl Clark,6'9,220,Louisville,1988-01-17
2009,1.15,1,15,Pistons,Austin Daye,6'10,190,Gonzaga,1988-06-05
2009,1.16,1,16,Bulls,James Johnson,6'8,235,Wake Forest,1987-02-20
2009,1.17,1,17,76ers,Jrue Holiday,6'3,185,UCLA,1990-06-12
2009,1.18,1,18,Timberwolves,Ty Lawson,6'0,195,North Carolina,1987-11-03
2009,1.19,1,19,Hawks,Jeff Teague,6'2,180,Wake Forest,1988-06-10
2009,1.2,1,20,Jazz,Eric Maynor,6'2,175,VCU,1987-06-11
2009,1.21,1,21,Hornets,Darren Collison,6'1,165,UCLA,1987-08-23
2009,1.22,1,22,Trailblazers,Victor Claver,6'10,218,Pamesa Valencia,1988-09-01
2009,1.23,1,23,Kings,Omri Casspi,6'8,220,Maccabi Tel Aviv,1988-06-22
2009,1.24,1,24,Mavericks,B.J. Mullens,7'0,260,Ohio State,1989-02-14
2009,1.25,1,25,Thunder,Rodrigue Beaubois,6'2,182,Cholet,1988-02-24
2009,1.26,1,26,Bulls,Taj Gibson,6'9,210,USC,1985-06-24
2009,1.27,1,27,Grizzlies,DeMarre Carroll,6'8,225,Missouri,1986-07-27
2009,1.28,1,28,Timberwolves,Wayne Ellington,6'5,190,North Carolina,1987-10-29
2009,1.29,1,29,Knicks,Toney Douglas,6'1,196,Florida State,1986-03-16
2009,1.3,1,30,Cavaliers,Christian Eyenga,6'5,210,DKV Joventut,1989-06-22
2009,2.01,2,1,Kings,Jeff Pendergraph,6'9,230,Arizona State,1987-04-29
2009,2.02,2,2,Wizards,Jermaine Taylor,6'4,210,Central Florida,1986-12-08
2009,2.03,2,3,Trailblazers,Dante Cunningham,6'8,230,Villanova,1987-04-22
2009,2.04,2,4,Nuggets,Sergio Llull,6'3,176,Real Madrid,1987-11-15
2009,2.05,2,5,Pistons,DaJuan Summers,6'8,241,Georgetown,1988-01-24
2009,2.06,2,6,Grizzlies,Sam Young,6'6,210,Pittsburgh,1985-06-01
2009,2.07,2,7,Spurs,DeJuan Blair,6'7,265,Pittsburgh,1989-04-22
2009,2.08,2,8,Trailblazers,Jon Brockman,6'7,260,Washington,1987-03-20
2009,2.09,2,9,Pistons,Jonas Jerebko,6'9,210,Angelico Biella,1987-03-02
2009,2.1,2,10,Bobcats,Derrick Brown,6'7,225,Xavier,1987-09-07
2009,2.11,2,11,Bucks,Jodie Meeks,6'4,208,Kentucky,1987-08-21
2009,2.12,2,12,Lakers,Patrick Beverley,6'1,172,Dnipro,1988-07-12
2009,2.13,2,13,Heat,Marcus Thornton,6'4,198,LSU,1987-06-05
2009,2.14,2,14,Pistons,Chase Budinger,6'7,218,Arizona,1987-12-31
2009,2.15,2,15,Timberwolves,Nick Calathes,6'5,185,Florida,1989-02-07
2009,2.16,2,16,Suns,Danny Green,6'6,210,North Carolina,1987-06-22
2009,2.17,2,17,Timberwolves,Henk Norel,6'11,212,DKV Joventut,1987-09-17
2009,2.18,2,18,Suns,Taylor Griffin,6'7,238,Oklahoma State,1986-04-18
2009,2.19,2,19,Hawks,Sergey Gladyr,6'5,190,MBC Mykolaiv,1989-10-17
2009,2.2,2,20,Jazz,Goran Suton,6'10,245,Michigan State,1985-08-11
2009,2.21,2,21,Spurs,Jack McClinton,6'1,185,"Miami, FL",1985-01-19
2009,2.22,2,22,Pacers,A.J. Price,6'2,190,Connecticut,1986-10-07
2009,2.23,2,23,Spurs,Nando De Colo,6'5,187,Cholet,1987-06-23
2009,2.24,2,24,Bobcats,Robert Vaden,6'5,200,UAB,1985-03-03
2009,2.25,2,25,Trailblazers,Patrick Mills,6'0,175,Saint Mary's,1988-08-11
2009,2.26,2,26,Mavericks,Ahmad Nivins,6'9,235,Saint Joseph's,1987-02-10
2009,2.27,2,27,Suns,Emir Preldzic,6'9,220,Fenerbahce Ulker,1987-09-06
2009,2.28,2,28,Celtics,Lester Hudson,6'3,190,Tenn. Martin,1984-08-07
2009,2.29,2,29,Lakers,Chinemelu Elonu,6'10,235,Texas A&M,1987-03-11
2009,2.3,2,30,Heat,Robert Dozier,6'10,205,Memphis,1985-11-06
2008,1.01,1,1,Bulls,Derrick Rose,6'3,190,Memphis,1988-10-01
2008,1.02,1,2,Heat,Michael Beasley,6'9,235,Kansas State,1989-01-09
2008,1.03,1,3,Timberwolves,O.J. Mayo,6'5,195,USC,1987-11-05
2008,1.04,1,4,Supersonics,Russell Westbrook,6'3,187,UCLA,1988-11-12
2008,1.05,1,5,Grizzlies,Kevin Love,6'9,255,UCLA,1988-09-07
2008,1.06,1,6,Knicks,Danilo Gallinari,6'9,209,Armani Jeans Milano,1988-08-08
2008,1.07,1,7,Clippers,Eric Gordon,6'3,215,Indiana,1988-12-25
2008,1.08,1,8,Bucks,Joe Alexander,6'8,230,West Virginia,1986-12-26
2008,1.09,1,9,Bobcats,D.J. Augustin,5'11,175,Texas,1987-11-10
2008,1.1,1,10,Nets,Brook Lopez,7'0,260,Stanford,1988-04-01
2008,1.11,1,11,Pacers,Jerryd Bayless,6'3,199,Arizona,1988-08-20
2008,1.12,1,12,Kings,Jason Thompson,6'11,250,Rider,1986-07-21
2008,1.13,1,13,Trailblazers,Brandon Rush,6'7,211,Kansas,1985-07-08
2008,1.14,1,14,Warriors,Anthony Randolph,6'11,220,LSU,1989-07-15
2008,1.15,1,15,Suns,Robin Lopez,7'0,255,Stanford,1988-04-01
2008,1.16,1,16,76ers,Marreese Speights,6'10,245,Florida,1987-08-04
2008,1.17,1,17,Raptors,Roy Hibbert,7'2,272,Georgetown,1986-12-11
2008,1.18,1,18,Wizards,JaVale McGee,7'0,237,Nevada,1988-01-19
2008,1.19,1,19,Cavaliers,J.J. Hickson,6'9,242,N.C. State,1988-09-04
2008,1.2,1,20,Bobcats,Alexis Ajinca,7'1,225,Hyeres-Toulon,1988-05-06
2008,1.21,1,21,Nets,Ryan Anderson,6'10,240,California,1988-05-06
2008,1.22,1,22,Magic,Courtney Lee,6'5,200,Western Kentucky,1985-10-03
2008,1.23,1,23,Jazz,Kosta Koufos,7'1,245,Ohio State,1989-02-24
2008,1.24,1,24,Supersonics,Serge Ibaka,6'10,220,CB L'Hospitalet,1989-09-18
2008,1.25,1,25,Rockets,Nicolas Batum,6'8,214,Le Mans Sarthe Basket,1988-12-14
2008,1.26,1,26,Spurs,George Hill,6'2,180,IUPUI,1986-05-04
2008,1.27,1,27,Hornets,Darrell Arthur,6'9,215,Kansas,1987-11-10
2008,1.28,1,28,Grizzlies,Donte Greene,6'10,220,Syracuse,1988-02-21
2008,1.29,1,29,Pistons,D.J. White,6'9,230,Indiana,1986-09-01
2008,1.3,1,30,Celtics,J.R. Giddens,6'5,200,New Mexico,1985-02-14
2008,2.01,2,1,Timberwolves,Nikola Pekovic,6'11,243,KK Partizan Belgrade,1986-03-01
2008,2.02,2,2,Supersonics,Walter Sharpe,6'9,245,UAB,1986-07-16
2008,2.03,2,3,Trailblazers,Joey Dorsey,6'9,260,Memphis,1983-12-16
2008,2.04,2,4,Timberwolves,Mario Chalmers,6'1,190,Kansas,1986-05-21
2008,2.05,2,5,Clippers,DeAndre Jordan,7'0,260,Texas A&M,1988-07-21
2008,2.06,2,6,Trailblazers,Omer Asik,6'11,230,Fenerbahce Ulker,1986-07-04
2008,2.07,2,7,Bucks,Luc Richard Mbah A Moute,6'7,224,UCLA,1986-09-09
2008,2.08,2,8,Bobcats,Kyle Weaver,6'6,201,Washington State,1986-02-18
2008,2.09,2,9,Bulls,Sonny Weems,6'6,201,Arkansas,1986-07-08
2008,2.1,2,10,Nets,Chris Douglas-Roberts,6'7,200,Memphis,1987-01-08
2008,2.11,2,11,Pacers,Nathan Jawai,6'10,282,Cairns Taipans,1986-10-10
2008,2.12,2,12,Kings,Sean Singletary,6'0,180,Virginia,1985-09-06
2008,2.13,2,13,Kings,Patrick Ewing Jr,6'9,238,Georgetown,1984-05-20
2008,2.14,2,14,Jazz,Ante Tomic,7'2,220,KK Zagreb,1987-02-17
2008,2.15,2,15,Spurs,Goran Dragic,6'4,200,Union Olimpija Ljubljana,1986-05-06
2008,2.16,2,16,Supersonics,Trent Plaisted,6'11,240,BYU,1986-10-01
2008,2.17,2,17,Wizards,Bill Walker,6'6,225,Kansas State,1987-10-09
2008,2.18,2,18,Suns,Malik Hairston,6'6,200,Oregon,1987-02-24
2008,2.19,2,19,Warriors,Richard Hendrix,6'8,250,Alabama,1986-11-15
2008,2.2,2,20,Supersonics,DeVon Hardin,6'11,250,California,1986-09-07
2008,2.21,2,21,Mavericks,Shan Foster,6'6,205,Vanderbilt,1986-08-20
2008,2.22,2,22,Heat,Darnell Jackson,6'8,250,Kansas,1985-11-07
2008,2.23,2,23,Jazz,Tadija Dragicevic,6'9,222,BC Red Star Belgrade,1986-01-28
2008,2.24,2,24,Rockets,Maarty Leunen,6'9,215,Oregon,1985-09-03
2008,2.25,2,25,Trailblazers,Mike Taylor,6'2,190,Idaho Stampede,1986-01-21
2008,2.26,2,26,Supersonics,Sasha Kaun,6'11,246,Kansas,1985-05-08
2008,2.27,2,27,Spurs,James Gist,6'8,223,Maryland,1986-10-26
2008,2.28,2,28,Lakers,Joe Crawford,6'4,210,Kentucky,1986-06-18
2008,2.29,2,29,Pistons,Deron Washington,6'7,205,Virginia Tech,1985-12-12
2008,2.3,2,30,Celtics,Semih Erden,7'1,240,Fenerbahce Ulker,1986-07-29
2007,1.01,1,1,Trailblazers,Greg Oden,7'0,257,Ohio State,1988-01-23
2007,1.02,1,2,SuperSonics,Kevin Durant,6'10,215,Texas,1988-09-29
2007,1.03,1,3,Hawks,Al Horford,6'10,246,Florida,1986-06-03
2007,1.04,1,4,Grizzlies,Mike Conley Jr,6'1,175,Ohio State,1987-10-11
2007,1.05,1,5,Celtics,Jeff Green,6'9,228,Georgetown,1986-08-28
2007,1.06,1,6,Bucks,Yi Jianlian,7'0,230,Guangdong Tigers,1984-10-28
2007,1.07,1,7,Timberwolves,Corey Brewer,6'8,185,Florida,1986-03-05
2007,1.08,1,8,Bobcats,Brandan Wright,6'10,200,North Carolina,1987-10-07
2007,1.09,1,9,Bulls,Joakim Noah,7'0,223,Florida,1985-02-25
2007,1.1,1,10,Kings,Spencer Hawes,7'1,244,Washington,1988-04-28
2007,1.11,1,11,Hawks,Acie Law,6'4,186,Texas A&M,1985-01-25
2007,1.12,1,12,76ers,Thaddeus Young,6'8,210,Georgia Tech,1988-06-21
2007,1.13,1,13,Hornets,Julian Wright,6'9,211,Kansas,1987-05-22
2007,1.14,1,14,Clippers,Al Thornton,6'7,221,Florida State,1983-12-07
2007,1.15,1,15,Pistons,Rodney Stuckey,6'5,207,Eastern Wash.,1986-04-21
2007,1.16,1,16,Wizards,Nick Young,6'7,206,USC,1985-06-03
2007,1.17,1,17,Nets,Sean Williams,6'10,230,Boston College,1986-09-15
2007,1.18,1,18,Warriors,Marco Belinelli,6'5,192,Climamio Bologna,1986-03-25
2007,1.19,1,19,Lakers,Javaris Crittenton,6'5,194,Georgia Tech,1987-12-31
2007,1.2,1,20,Heat,Jason Smith,7'0,233,Colorado State,1986-03-04
2007,1.21,1,21,76ers,Daequan Cook,6'6,203,Ohio State,1987-04-27
2007,1.22,1,22,Bobcats,Jared Dudley,6'7,219,Boston College,1985-07-11
2007,1.23,1,23,Knicks,Wilson Chandler,6'8,210,DePaul,1987-05-10
2007,1.24,1,24,Suns,Rudy Fernandez,6'6,172,DKV Joventut,1985-04-05
2007,1.25,1,25,Jazz,Morris Almond,6'6,215,Rice,1985-02-02
2007,1.26,1,26,Rockets,Aaron Brooks,6'0,160,Oregon,1985-01-17
2007,1.27,1,27,Pistons,Arron Afflalo,6'5,206,UCLA,1985-09-17
2007,1.28,1,28,Spurs,Tiago Splitter,7'0,245,TAU Vitoria,1985-01-01
2007,1.29,1,29,Suns,Alando Tucker,6'5,205,Wisconsin,1984-02-13
2007,1.3,1,30,76ers,Petteri Koponen,6'5,194,Honka Playboys,1988-04-13
2007,2.01,2,1,Supersonics,Carl Landry,6'9,248,Purdue,1983-09-19
2007,2.02,2,2,Celtics,Gabe Pruitt,6'4,170,USC,1986-04-21
2007,2.03,2,3,Spurs,Marcus Williams,6'7,205,Arizona,1986-11-18
2007,2.04,2,4,Mavericks,Nick Fazekas,6'11,225,Nevada,1985-06-18
2007,2.05,2,5,Supersonics,Glen Davis,6'8,310,LSU,1986-01-03
2007,2.06,2,6,Warriors,Jermareo Davidson,6'11,230,Alabama,1984-11-17
2007,2.07,2,7,Trailblazers,Josh McRoberts,6'10,240,Duke,1987-03-01
2007,2.08,2,8,76ers,Kyrylo Fesenko,7'1,270,SK Cherkassy,1986-12-24
2007,2.09,2,9,Heat,Stanko Barac,7'1,230,Siroki Brijeg,1986-08-14
2007,2.1,2,10,Lakers,Sun Yue,6'9,212,Aoshen Olympian,1985-11-06
2007,2.11,2,11,Timberwolves,Chris Richard,6'9,252,Florida,1984-12-25
2007,2.12,2,12,Trailblazers,Derrick Byars,6'7,215,Vanderbilt,1984-04-25
2007,2.13,2,13,Hornets,Adam Haluska,6'5,210,Iowa,1983-11-18
2007,2.14,2,14,Magic,Reyshawn Terry,6'8,222,North Carolina,1984-04-07
2007,2.15,2,15,Clippers,Jared Jordan,6'2,182,Marist,1984-10-14
2007,2.16,2,16,Warriors,Stephane Lasme,6'7,213,Massachusetts,1982-12-17
2007,2.17,2,17,Wizards,Dominic McGuire,6'8,220,Fresno State,1985-10-20
2007,2.18,2,18,Lakers,Marc Gasol,7'1,265,Akasvayu Girona,1985-01-29
2007,2.19,2,19,Bulls,Aaron Gray,7'2,272,Pittsburgh,1984-12-07
2007,2.2,2,20,Mavericks,Renaldas Seibutis,6'6,185,Maroussi,1985-07-23
2007,2.21,2,21,Bulls,Jameson Curry,6'3,190,Oklahoma State,1986-01-09
2007,2.22,2,22,Trailblazers,Taurean Green,6'1,173,Florida,1985-11-28
2007,2.23,2,23,Trailblazers,Demetris Nichols,6'8,211,Syracuse,1984-09-04
2007,2.24,2,24,Magic,Brad Newley,6'7,201,Townsville Crocodiles,1985-02-18
2007,2.25,2,25,Jazz,Herbert Hill,6'10,232,Providence,1984-10-01
2007,2.26,2,26,Bucks,Ramon Sessions,6'4,185,Nevada,1986-04-11
2007,2.27,2,27,Pistons,Sammy Mejia,6'7,218,DePaul,1983-02-08
2007,2.28,2,28,Spurs,Giorgos Printezis,6'9,22,Olympia Larissa,1985-02-22
2007,2.29,2,29,Suns,D.J. Strawberry,6'5,199,Maryland,1985-06-15
2007,2.3,2,30,Mavericks,Milovan Rakovic,6'10,240,Serbia,1985-02-19
2006,1.01,1,1,Raptors,Andrea Bargnani,6'10,225,Benetton Treviso,1985-10-26
2006,1.02,1,2,Bulls,LaMarcus Aldridge,6'11,235,Texas,1985-07-19
2006,1.03,1,3,Bobcats,Adam Morrison,6'8,200,Gonzaga,1984-07-19
2006,1.04,1,4,Trailblazers,Tyrus Thomas,6'8,220,LSU,1986-08-17
2006,1.05,1,5,Hawks,Shelden Williams,6'9,260,Duke,1983-10-21
2006,1.06,1,6,Timberwolves,Brandon Roy,6'6,210,Washington,1984-07-23
2006,1.07,1,7,Trailblazers,Randy Foye,6'2,215,Villanova,1983-09-09
2006,1.08,1,8,Rockets,Rudy Gay,6'8,225,Connecticut,1986-08-17
2006,1.09,1,9,Warriors,Patrick O'Bryant,7'0,250,Bradley,1986-06-20
2006,1.1,1,10,Sonics,Mouhammed Saer Sene,7'0,240,Pepinster,1986-05-12
2006,1.11,1,11,Magic,JJ Redick,6'5,190,Duke,1984-06-24
2006,1.12,1,12,Hornets,Hilton Armstrong,6'10,240,Connecticut,1984-11-11
2006,1.13,1,13,76ers,Thabo Sefolasha,6'5,215,Angelico Biella,1984-05-02
2006,1.14,1,14,Jazz,Ronnie Brewer,6'7,225,Arkansas,1985-03-20
2006,1.15,1,15,Hornets,Cedric Simmons,6'10,225,NC State,1986-01-03
2006,1.16,1,16,Bulls,Rodney Carney,6'6,205,Memphis,1984-04-15
2006,1.17,1,17,Pacers,Shawne Williams,6'9,230,Memphis,1986-02-16
2006,1.18,1,18,Wizards,Oleksiy Pecherov,7'0,210,Paris Racing,1985-12-08
2006,1.19,1,19,Kings,Quincy Douby,6'3,175,Rutgers,1984-05-16
2006,1.2,1,20,Knicks,Renaldo Balkman,6'7,210,South Carolina,1984-07-14
2006,1.21,1,21,Suns,Rajon Rondo,6'1,175,Kentucky,1986-02-22
2006,1.22,1,22,Nets,Marcus Williams,6'3,215,Connecticut,1985-12-03
2006,1.23,1,23,Nets,Josh Boone,6'10,240,Connecticut,1984-11-21
2006,1.24,1,24,Grizzlies,Kyle Lowry,6'0,175,Villanova,1986-03-25
2006,1.25,1,25,Cavaliers,Shannon Brown,6'4,205,Michigan State,1985-11-29
2006,1.26,1,26,Lakers,Jordan Farmar,6'2,175,UCLA,1986-11-30
2006,1.27,1,27,Suns,Sergio Rodriguez,6'3,170,Estudiantes,1986-06-12
2006,1.28,1,28,Mavericks,Maurice Ager,6'5,205,Michigan State,1984-02-09
2006,1.29,1,29,Knicks,Mardy Collins,6'6,225,Temple,1984-08-04
2006,1.3,1,30,Trailblazers,Joel Freeland,6'10,225,Gran Canaria Fadesa,1987-02-07
2006,2.01,2,1,Trailblazers,James White,6'7,200,Cincinnati,1982-10-21
2006,2.02,2,2,Rockets,Steve Novak,6'9,220,Marquette,1984-06-13
2006,2.03,2,3,Hawks,Solomon Jones,6'10,225,South Florida,1984-07-16
2006,2.04,2,4,Clippers,Paul Davis,6'11,270,Michigan State,1984-07-21
2006,2.05,2,5,Raptors,PJ Tucker,6'5,225,Texas,1985-05-05
2006,2.06,2,6,76ers,Craig Smith,6'7,260,Boston College,1983-11-10
2006,2.07,2,7,Timberwolves,Bobby Jones,6'7,215,Washington,1984-01-09
2006,2.08,2,8,Warriors,Kosta Perovic,7'2,240,Partizan,1985-02-19
2006,2.09,2,9,Bucks,David Noel,6'6,225,North Carolina,1984-02-27
2006,2.1,2,10,Sonics,Denham Brown,6'5,220,Connecticut,1983-01-06
2006,2.11,2,11,Magic,James Augustine,6'10,230,llinois,1984-02-19
2006,2.12,2,12,Cavaliers,Daniel Gibson,6'2,190,Texas,1986-02-27
2006,2.13,2,13,Hornets,Marcus Vicinius,6'8,225,Objectivo San Carlos,1984-05-31
2006,2.14,2,14,Magic,Lior Eliyahu,6'9,225,Hapoel Galil Elyon,1985-09-09
2006,2.15,2,15,Trailblazers,Alexander Johnson,6'9,240,Florida State,1983-02-08
2006,2.16,2,16,Jazz,Dee Brown,6'0,185,Illinois,1984-08-17
2006,2.17,2,17,Jazz,Paul Millsap,6'7,260,Louisiana Tech,1985-02-10
2006,2.18,2,18,Wizards,Vladimir Veremeenko,6'10,240,Dynamo St Petersburg,1984-07-21
2006,2.19,2,19,Nuggets,Leon Powe,6'8,240,California,1984-01-22
2006,2.2,2,20,Bobcats,Ryan Hollins,7'0,230,UCLA,1984-10-10
2006,2.21,2,21,Lakers,Chiekh Samb,7'1,195,WTC Cornella,1984-10-22
2006,2.22,2,22,Clippers,Guillermo Diaz,6'2,185,Miami,1985-03-05
2006,2.23,2,23,Sonics,Yotam Halperin,6'5,210,Union Olimpija Ljubjana,1984-01-24
2006,2.24,2,24,Nets,Hassan Adams,6'4,220,Arizona,1984-06-20
2006,2.25,2,25,Cavaliers,Ejike Ugboaja,6'9,225,Union Bank Lagos,1985-05-28
2006,2.26,2,26,Raptors,Edin Bavcic,6'11,245,KK Bosna,1984
2006,2.27,2,27,Timberwolves,Loukas Mavrokefalidis,6'11,260,PAOK,1984-07-25
2006,2.28,2,28,Mavericks,JR Pinnock,6'4,205,George Washington,1983-12-11
2006,2.29,2,29,Spurs,Damir Markota,6'10,225,Cibona Zagreb,1985-12-26
2006,2.3,2,30,Pistons,Will Blalock,6'1,195,Iowa State,Junior
2005,1.01,1,1,Bucks,Andrew Bogut,7'0,245,Utah,11-28-1984
2005,1.02,1,2,Hawks,Marvin Williams,6'9,230,North Carolina,6-19-1986
2005,1.03,1,3,Jazz,Deron Williams,6'3,210,Illinois,6-26-1984
2005,1.04,1,4,Hornets,Chris Paul,6'0,175,Wake Forest,5-6-1985
2005,1.05,1,5,Bobcats,Raymond Felton,6'1,200,North Carolina,6-26-1984
2005,1.06,1,6,Trailblazers,Martell Webster,6'7,210,,12-4-1986
2005,1.07,1,7,Raptors,Charlie Villanueva,6'11,240,Connecticut,8-24-1984
2005,1.08,1,8,Knicks,Channing Frye,6-11,248,Arizona,5-17-1983
2005,1.09,1,9,Warriors,Ike Diogu,6'8,250,Arizona State,9-11-1983
2005,1.1,1,10,Lakers,Andrew Bynum,7'0,285,,10-27-1987
2005,1.11,1,11,Magic,Fran Vasquez,6'11,238,,5-1-1983
2005,1.12,1,12,Clippers,Yaroslav Korolev,6'9,203,,5-7-1987
2005,1.13,1,13,Bobcats,Sean May,6'9,266,North Carolina,4-4-1984
2005,1.14,1,14,Timberwolves,Rashad McCants,6'4,207,North Carolina,9/25/1984
2005,1.15,1,15,Nets,Antoine Wright,6'7,210,Texas A&M,2-6-1984
2005,1.16,1,16,Raptors,Joey Graham,6'7,225,Oklahoma State,6-11-1982
2005,1.17,1,17,Pacers,Danny Granger,6'8,225,New Mexico,4-20-1983
2005,1.18,1,18,Celtics,Gerald Green,6'8,195,,1-26-1986
2005,1.19,1,19,Grizzlies,Hakim Warrick,6'9,215,Syracuse,7-8-1982
2005,1.2,1,20,Nuggets,Julius Hodge,6'7,210,NC State,11-18-1983
2005,1.21,1,21,Suns,Nate Robinson,5'9,180,Washington,5-31-1984
2005,1.22,1,22,Nuggets,Jarrett Jack,6'3,205,Georgia Tech,10-28-1983
2005,1.23,1,23,Kings,Francisco Garcia,6'7,192,Louisville,12-31-1981
2005,1.24,1,24,Rockets,Luther Head,6'3,185,Illinois,11-26-1982
2005,1.25,1,25,Supersonics,Johan Petro,7'0,258,,1-27-1986
2005,1.26,1,26,Pistons,Jason Maxiell,6'7,260,Cincinatti,2-18-1983
2005,1.27,1,27,Trailblazers,Linas Kleiza,6'8,250,Missouri,1-3-1985
2005,1.28,1,28,Spurs,Ian Mahinmi,6'10,223,,11-5-1986
2005,1.29,1,29,Heat,Wayne Simien,6'9,255,Kansas,3-9-1983
2005,1.3,1,30,Knicks,David Lee,6'9,249,Florida,4-29-1983
2005,2.01,2,1,Hawks,Salim Stoudamire,6'1,180,Arizona,10-11-1982
2005,2.02,2,2,Clippers,Daniel Ewing,6'3,185,Duke,3-26-1983
2005,2.03,2,3,Hornets,Brandon Bass,6'8,240,LSU,4-30-1985
2005,2.04,2,4,Jazz,C.J. Miles,6'6,210,,3-18-1987
2005,2.05,2,5,Trailblazers,Ricky Sanchez,6'11,220,,7/6/1987
2005,2.06,2,6,Bucks,Ersan Ilyasova,6'9,235,,5-15-1987
2005,2.07,2,7,Lakers,Ronny Turiaf,6'10,250,Gonzaga,1-13-1983
2005,2.08,2,8,Magic,Travis Diener,6'1,180,Marquette,3-1-1982
2005,2.09,2,9,Lakers,Von Wafer,6'5,250,Florida State,7-21-1985
2005,2.1,2,10,Warriors,Monta Ellis,6'3,179,,10-26-1985
2005,2.11,2,11,Raptors,Roko Ukic,6'5,180,,5-12-1984
2005,2.12,2,12,Warriors,Chris Taft,6-10,260,Pittsburgh,3-10-1985
2005,2.13,2,13,Nets,Mile Ilic,7'1,235,,6-2-1984
2005,2.14,2,14,Magic,Marty Andriuskevicius,7'2,240,,3-12-1986
2005,2.15,2,15,76ers,Louis Williams,6'2,175,,10-27-1986
2005,2.16,2,16,Pacers,Erazem Lorbek,6'10,245,,2-21-1984
2005,2.17,2,17,Timberwolves,Bracey Wright,6'3,210,Indiana,7-1-1984
2005,2.18,2,18,Supersonics,Mickael Gelebale,6'7,215,,5-22-1983
2005,2.19,2,19,Wizards,Andray Blatche,6'11,235,,8-22-1986
2005,2.2,2,20,Celtics,Ryan Gomes,6'7,250,Providence,9-1-1982
2005,2.21,2,21,Jazz,Robert Whaley,6'9,230,Walsh,4-16-1982
2005,2.22,2,22,Nuggets,Axel Hervelle,6'8,235,,5-12-1983
2005,2.23,2,23,Celtics,Orien Greene,6'4,210,Louisiana-Lafayette,2-4-1982
2005,2.24,2,24,Knicks,Dijon Thompson,6'7,200,UCLA,2-23-1983
2005,2.25,2,25,Supersonics,Lawrence Roberts,6'9,245,Mississippi State,10-20-1982
2005,2.26,2,26,Pistons,Amir Johnson,6'9,210,,5-1-1987
2005,2.27,2,27,Suns,Marcin Gortat,7'0,245,,10-11-1982
2005,2.28,2,28,Raptors,Uros Slokar,6'10,238,,5-14-1983
2005,2.29,2,29,Hawks,Cenk Akyol,6'5,185,,4-16-1987
2005,2.3,2,30,Pistons,Alex Acker,6'5,190,Pepperdine,1-21-1983
2004,1.01,1,1,Magic,Dwight Howard,6'11,245,,12-8-1985
2004,1.02,1,2,Bobcats,Emeka Okafor,6'10,255,Connecticut,9-28-1982
2004,1.03,1,3,Bulls,Ben Gordon,6'3,200,Connecticut,4-4-1983
2004,1.04,1,4,Clippers,Shaun Livingston,6'7,180,,9-11-1985
2004,1.05,1,5,Wizards,Devin Harris,6'3,185,Wisconsin,2-27-1983
2004,1.06,1,6,Hawks,Josh Childress,6'8,205,Stanford,6-20-1983
2004,1.07,1,7,Suns,Luol Deng,6'8,220,Duke,4-6-1985
2004,1.08,1,8,Raptors,Rafael Araujo,6'11,285,BYU,8-12-1980
2004,1.09,1,9,76ers,Andre Iguodala,6'6,205,Arizona,1-28-1984
2004,1.1,1,10,Cavaliers,Luke Jackson,6'7,210,Oregon,11-6-1981
2004,1.11,1,11,Warriors,Andris Biedrins,6'11,240,,4-2-1986
2004,1.12,1,12,Supersonics,Robert Swift,7'0,240,,12-3-1985
2004,1.13,1,13,Trailblazers,Sebastian Telfair,6'0,170,,6-9-1985
2004,1.14,1,14,Jazz,Kris Humphries,6'9,235,Minnesota,2-6-1985
2004,1.15,1,15,Celtics,Al Jefferson,6'10,265,,1-4-1985
2004,1.16,1,16,Jazz,Kirk Snyder,6'6,225,Nevada,6-5-1983
2004,1.17,1,17,Hawks,Josh Smith,6'9,220,,12-5-1985
2004,1.18,1,18,Hornets,JR Smith,6'6,220,,11-9-1985
2004,1.19,1,19,Heat,Dorell Wright,6'7,210,,12-2-1985
2004,1.2,1,20,Nuggets,Jameer Nelson,6'0,192,St. Joseph's,2-9-1982
2004,1.21,1,21,Jazz,Pavel Podkolzine,7'5,260,,1-15-1985
2004,1.22,1,22,Nets,Viktor Khryapa,6'9,215,,8-3-1982
2004,1.23,1,23,Trailblazers,Sergei Monia,6'8,220,,4-15-1983
2004,1.24,1,24,Celtics,Delonte West,6'4,185,St. Joseph's,7-26-1981
2004,1.25,1,25,Celtics,Tony Allen,6'4,215,Oklahoma State,1-11-1982
2004,1.26,1,26,Kings,Kevin Martin,6'7,188,Western Carolina,2-1-1983
2004,1.27,1,27,Lakers,Sasha Vujacic,6'7,195,,3-8-1984
2004,1.28,1,28,Spurs,Beno Udrih,6'4,200,,7-5-1982
2004,1.29,1,29,Pacers,David Harrison,7'0,255,Colorado,8-15-1982
2004,2.01,2,1,Magic,Anderson Varejao,6'10,235,,9-28-1982
2004,2.02,2,2,Bulls,Jackson Vroman,6'10,220,Iowa State,1-6-1981
2004,2.03,2,3,Wizards,Peter John Ramos,7'4,280,,5-13-1985
2004,2.04,2,4,Clippers,Lionel Chalmers,6'0,183,Xavier,11-10-1980
2004,2.05,2,5,Hawks,Donta Smith,6'7,215,SE Illinois CC,11-27-1983
2004,2.06,2,6,Supersonics,Andre Emmett,6'5,235,Texas Tech,8-27-1982
2004,2.07,2,7,Magic,Antonio Burks,6'2,204,Memphis,2-25-1980
2004,2.08,2,8,Hawks,Royal Ivey,6'3,204,Texas,12-20-1981
2004,2.09,2,9,Bulls,Chris Duhon,6'1,190,Duke,8-31-1982
2004,2.1,2,10,Raptors,Albert Miralles,6'11,240,,5-14-1982
2004,2.11,2,11,Celtics,Justin Reed,6'8,245,Mississippi,1-16-1982
2004,2.12,2,12,Supersonics,David Young,6'5,205,NC Central,8-18-1981
2004,2.13,2,13,Hawks,Viktor Sanikidze,6'8,199,,4-1-1986
2004,2.14,2,14,Knicks,Trevor Ariza,6'7,197,UCLA,6-30-1985
2004,2.15,2,15,Hornets,Tim Pickett,6'4,210,Florida State,4-18-1981
2004,2.16,2,16,Bobcats,Bernard Robinson,6'6,211,Michigan,12-26-1980
2004,2.17,2,17,Trailblazers,Ha Seung Jin,7'3,306,,8-4-1985
2004,2.18,2,18,Heat,Pape Sow,6'10,250,Cal State Fullerton,11-22-1981
2004,2.19,2,19,Kings,Ricky Minard,6'4,200,Morehead State,9-11-1982
2004,2.2,2,20,Grizzlies,Sergei Lishouk,6'11,235,,3-31-1982
2004,2.21,2,21,Mavericks,Vassilis Spanoulis,6'4,190,,7-8-1982
2004,2.22,2,22,Nets,Christian Drejer,6'9,225,,12-8-1982
2004,2.23,2,23,Spurs,Romain Sato,6'5,205,Xavier,3-2-1981
2004,2.24,2,24,Heat,Matt Freije,6'10,245,Vanderbilt,10-2-1981
2004,2.25,2,25,Pistons,Rickey Paulding,6'5,220,Missouri,10-32-1982
2004,2.26,2,26,Rockets,Luis Flores,6'2,197,Manhattan,4-11-1981
2004,2.27,2,27,Lakers,Marcus Douthit,6'11,235,Providence,4-15-1980
2004,2.28,2,28,Spurs,Sergei Karaulov,7'1,234,,4-15-1982
2004,2.29,2,29,Timberwolves,Blake Stepp,6'4,196,Gonzaga,2-4-1982
2004,2.3,2,30,Pacers,Rashad Wright,6'2,191,Georgia,3-17-1982
2003,1.01,1,1,Cavaliers,LeBron James,6'8,240,,1984-12-30
2003,1.02,1,2,Pistons,Darko Milicic,7'0,245,,1985-06-20
2003,1.03,1,3,Nuggets,Carmelo Anthony,6'8,220,Syracuse,1984-05-29
2003,1.04,1,4,Raptors,Chris Bosh,6'10,210,Georgia Tech,1984-03-02
2003,1.05,1,5,Heat,Dwyane Wade,6'4,210,Marquette,1982-01-17
2003,1.06,1,6,Clippers,Chris Kaman,7'0,255,Central Michigan,1982-04-28
2003,1.07,1,7,Bulls,Kirk Hinrich,6'3,190,Kansas,1981-02-02
2003,1.08,1,8,Bucks,T.J. Ford,5'10,165,Texas,1983-03-24
2003,1.09,1,9,Knicks,Mike Sweetney,6'8,260,Georgetown,1982-10-25
2003,1.1,1,10,Wizards,Jarvis Hayes,6'7,220,Georgia,1981-08-09
2003,1.11,1,11,Warriors,Mickael Pietrus,6'6,200,,1982-02-07
2003,1.12,1,12,Supersonics,Nick Collison,6'10,255,Kansas,10-26-1980
2003,1.13,1,13,Grizzlies,Marcus Banks,6'2,220,UNLV,1981-11-19
2003,1.14,1,14,Supersonics,Luke Ridnour,6'2,175,Oregon,1981-02-13
2003,1.15,1,15,Magic,Reece Gaines,6'6,205,Louisville,1981-01-07
2003,1.16,1,16,Celtics,Troy Bell,6'1,180,Boston College,1980-11-10
2003,1.17,1,17,Suns,Zarko Cabarkapa,6'11,235,,1981-05-21
2003,1.18,1,18,Hornets,David West,6'9,240,Xavier,1980-08-29
2003,1.19,1,19,Jazz,Aleksandar Pavlovic,6'7,210,,1983-11-15
2003,1.2,1,20,Celtics,Dahntay Jones,6'6,210,Duke,1980-12-27
2003,1.21,1,21,Hawks,Boris Diaw,6'8,203,,1982-04-16
2003,1.22,1,22,Nets,Zoran Planinic,6'7,195,,1982-09-12
2003,1.23,1,23,Trailblazers,Travis Outlaw,6'9,210,,1984-09-18
2003,1.24,1,24,Lakers,Brian Cook,6'10,240,Illinois,1980-12-04
2003,1.25,1,25,Pistons,Carlos Delfino,6'6,225,,8-29-1982
2003,1.26,1,26,Timberwolves,Ndudi Ebi,6'9,195,,1984-06-18
2003,1.27,1,27,Grizzlies,Kendrick Perkins,6'10,280,,1984-11-10
2003,1.28,1,28,Spurs,Leandrinho Barbosa,6'3,176,,1982-11-28
2003,1.29,1,29,Mavericks,Josh Howard,6'6,203,Wake Forest,1980-04-28
2003,2.01,2,1,Knicks,Maciej Lampe,6'11,240,,1985-02-05
2003,2.02,2,2,Cavaliers,Jason Kapono,6'8,213,UCLA,1981-02-02
2003,2.03,2,3,Raptors,Luke Walton,6'8,245,Arizona,1980-03-28
2003,2.04,2,4,Heat,Jerome Beasley,6'10,241,North Dakota,1980-05-17
2003,2.05,2,5,Clippers,Sofoklis Schortsanitis,6'9,300,,6-22-1985
2003,2.06,2,6,Grizzlies,Szymon Szewczyk,6'10,245,,12-21-1982
2003,2.07,2,7,Bulls,Mario Austin,6'8,265,Mississippi State,2-26-1982
2003,2.08,2,8,Hawks,Travis Hansen,6'6,210,BYU,1978-04-15
2003,2.09,2,9,Wizards,Steve Blake,6'3,172,Maryland,1980-02-26
2003,2.1,2,10,Knicks,Slavko Vranes,7'4,250,,1983-01-30
2003,2.11,2,11,Warriors,Derrick Zimmerman,6'2,195,Mississippi State,12-2-1981
2003,2.12,2,12,Supersonics,Willie Green,6'4,200,Detroit Mercy,1981-07-28
2003,2.13,2,13,Magic,Zaur Pachulia,6'11,240,,1984-02-10
2003,2.14,2,14,Bucks,Keith Bogans,6'5,215,Kentucky,1980-05-12
2003,2.15,2,15,Rockets,Malick Badiane,6'11,225,,1-1-1984
2003,2.16,2,16,Bulls,Matt Bonner,6'10,235,Florida,4-5-1980
2003,2.17,2,17,Nuggets,Sani Becirovic,6'5,200,,5-19-1981
2003,2.18,2,18,Jazz,Maurice Williams,6'1,185,Alabama,1982-12-19
2003,2.19,2,19,Hornets,James Lang,6-10,305,,11-17-1983
2003,2.2,2,20,Pacers,James Jones,6'8,215,Miami (FL),1980-10-04
2003,2.21,2,21,76ers,Paccelis Morlende,6-2,190,,4-19-1981
2003,2.22,2,22,Nets,Kyle Korver,6'7,210,Creighton,1981-03-17
2003,2.23,2,23,Lakers,Remon Van de Hare,7-2,224,,5-23-1982
2003,2.24,2,24,Bulls,Tommy Smith,6'10,210,Arizona State,12-4-1980
2003,2.25,2,25,Trailblazers,Nedzad Sinanovic,7'2,230,,6-12-1983
2003,2.26,2,26,Timberwolves,Rick Rickert,6'11,220,Minnesota,2-11-1983
2003,2.27,2,27,Kings,Brandon Hunter,6'7,260,Ohio University,1980-11-24
2003,2.28,2,28,Mavericks,Xue Yuyang,7'0,209,,10-4-1982
2003,2.29,2,29,Pistons,Andreas Gliniadakis,7'1,278,,8-26-1981
2002,1.01,1,1,Rockets,Yao Ming,7'5,296,,1980-09-12
2002,1.02,1,2,Bulls,Jay Williams,6'0,197,Duke,1981-09-10
2002,1.03,1,3,Warriors,Mike Dunleavy,6'9,221,Duke,1980-09-15
2002,1.04,1,4,Grizzlies,Drew Gooden,6'10,230,Kansas,1981-09-24
2002,1.05,1,5,Nuggets,Nikoloz Tskitishvili,7'0,225,,1983-04-14
2002,1.06,1,6,Cavaliers,Dajuan Wagner,6'3,200,Memphis,1983-02-04
2002,1.07,1,7,Knicks,Nene Hilario,6'11,260,,1982-09-13
2002,1.08,1,8,Clippers,Chris Wilcox,6'10,221,Maryland,1982-08-03
2002,1.09,1,9,Suns,Amare Stoudemire,6'10,245,,1982-11-16
2002,1.1,1,10,Heat,Caron Butler,6'7,235,Connecticut,1980-03-13
2002,1.11,1,11,Wizards,Jared Jeffries,6'10,215,Indiana,1981-11-25
2002,1.12,1,12,Clippers,Melvin Ely,6'10,260,Fresno State,1978-05-02
2002,1.13,1,13,Bucks,Marcus Haislip,6'10,230,Tennessee,1980-12-22
2002,1.14,1,14,Pacers,Fred Jones,6'4,210,Oregon,1979-03-11
2002,1.15,1,15,Rockets,Bostjan Nachbar,6'9,221,,1980-04-03
2002,1.16,1,16,76ers,Jiri Welsch,6'7,208,,1980-01-27
2002,1.17,1,17,Wizards,Juan Dixon,6'3,164,Maryland,1978-10-09
2002,1.18,1,18,Magic,Curtis Borchardt,7'0,245,Stanford,9-13-1980
2002,1.19,1,19,Jazz,Ryan Humphrey,6'8,235,Notre Dame,1979-07-24
2002,1.2,1,20,Raptors,Kareem Rush,6'6,215,Missouri,1980-10-30
2002,1.21,1,21,Trailblazers,Qyntel Woods,6'8,221,Northeast Mississippi CC,1981-02-16
2002,1.22,1,22,Suns,Casey Jacobsen,6'6,215,Stanford,1981-03-19
2002,1.23,1,23,Pistons,Tayshaun Prince,6'9,215,Kentucky,1980-02-28
2002,1.24,1,24,Nets,Nenad Krstic,6'11,214,,7-25-1983
2002,1.25,1,25,Nuggets,Frank Williams,6'3,205,Illinois,1980-02-25
2002,1.26,1,26,76ers,John Salmons,6'7,210,Miami (FL),1979-12-12
2002,1.27,1,27,Lakers,Chris Jefferies,6'8,215,Fresno State,1980-02-13
2002,1.28,1,28,Kings,Dan Dickau,6'0,190,Gonzaga,1978-09-16
2002,2.01,2,1,Warriors,Steve Logan,5'11,199,Cincinatti,3-20-1980
2002,2.02,2,2,Bulls,Roger Mason,6'5,199,Virginia,1980-09-10
2002,2.03,2,3,Grizzlies,Robert Archibald,6'11,250,Illinois,1980-03-29
2002,2.04,2,4,Nuggets,Vincent Yarbrough,6'7,210,Tennessee,1981-03-21
2002,2.05,2,5,Bucks,Dan Gadzuric,6'11,240,UCLA,1978-08-02
2002,2.06,2,6,Cavaliers,Carlos Boozer,6'9,280,Duke,1981-11-20
2002,2.07,2,7,Nets,Milos Vujanic,6'2,183,,11-10-1980
2002,2.08,2,8,Hawks,David Andersen,6'11,237,,6-23-1980
2002,2.09,2,9,Rockets,Tito Maddox,6'4,190,Fresno State,1981-06-07
2002,2.1,2,10,Wizards,Rod Grizzard,6'8,203,Alabama,6-13-1980
2002,2.11,2,11,Wizards,Juan Carlos Navarro,6'3,172,,7-13-1980
2002,2.12,2,12,Clippers,Mario Kasun,7'1,255,,4-5-1980
2002,2.13,2,13,Bucks,Ronald Murray,6'4,190,Shaw (NC),1979-07-29
2002,2.14,2,14,Trailblazers,Jason Jennings,7'0,247,Arkansas State,4-18-1979
2002,2.15,2,15,Bulls,Lonny Baxter,6'8,260,Maryland,1979-07-27
2002,2.16,2,16,76ers,Sam Clancy,5'8,243,USC,5-4-1980
2002,2.17,2,17,Grizzlies,Matt Barnes,6'8,225,UCLA,3-9-1980
2002,2.18,2,18,Jazz,Jamal Sampson,6'11,235,California,1983-05-15
2002,2.19,2,19,Bucks,Chris Owens,6'7,245,Texas,1979-03-01
2002,2.2,2,20,Supersonics,Peter Fehse,7'0,201,,5-18-1983
2002,2.21,2,21,Celtics,Darius Songaila,6'10,250,Wake Forest,2-14-1978
2002,2.22,2,22,Trailblazers,Federico Kammerichs,6'10,226,,6-21-1980
2002,2.23,2,23,Timberwolves,Marcus Taylor,6'2,194,Michigan State,11-25-1981
2002,2.24,2,24,Heat,Rasual Butler,6'7,205,La Salle,1979-05-23
2002,2.25,2,25,Nets,Tamar Slay,6'9,215,Marshall,1980-04-02
2002,2.26,2,26,Mavericks,Mladen Sekularac,6'9,212,,1-29-1981
2002,2.27,2,27,Spurs,Luis Scola,6'8,229,,4-30-1980
2002,2.28,2,28,Spurs,Randy Holcomb,6'9,223,San Diego State,8-8-1979
2002,2.29,2,29,Kings,Corsley Edwards,6'9,276,Central Connecticut State,3-5-1979
2001,1.01,1,1,Wizards,Kwame Brown,6'11,243,,1982-03-10
2001,1.02,1,2,Clippers,Tyson Chandler,7'1,235,,1982-10-02
2001,1.03,1,3,Hawks,Pau Gasol,7'0,227,,1980-07-06
2001,1.04,1,4,Bulls,Eddy Curry,6'11,285,,1982-12-05
2001,1.05,1,5,Warriors,Jason Richardson,6'6,220,Michigan State,1981-01-20
2001,1.06,1,6,Grizzlies,Shane Battier,6'8,220,Duke,1978-09-09
2001,1.07,1,7,Nets,Eddie Griffin,6'10,222,Seton Hall,1982-05-30
2001,1.08,1,8,Cavaliers,Sagana Diop,7'0,300,,1982-01-30
2001,1.09,1,9,Pistons,Rodney White,6'9,238,Charlotte,1980-06-28
2001,1.1,1,10,Celtics,Joe Johnson,6'7,225,Arkansas,1981-07-29
2001,1.11,1,11,Celtics,Kedrick Brown,6'7,222,Okaloosa-Walton CC,1981-03-18
2001,1.12,1,12,Supersonics,Vladimir Radmanovic,6'9,206,,1980-11-19
2001,1.13,1,13,Rockets,Richard Jefferson,6'7,222,Arizona,1980-06-21
2001,1.14,1,14,Warriors,Troy Murphy,6'11,245,Notre Dame,1980-05-02
2001,1.15,1,15,Magic,Steven Hunter,7'0,220,DePaul,1981-10-31
2001,1.16,1,16,Hornets,Kirk Haston,6'9,242,Indiana,1979-03-10
2001,1.17,1,17,Raptors,Michael Bradley,6'10,225,Villanova,1979-04-18
2001,1.18,1,18,Rockets,Jason Collins,7'0,260,Stanford,1978-12-02
2001,1.19,1,19,Trailblazers,Zachary Randolph,6'9,270,Michigan State,1981-07-16
2001,1.2,1,20,Cavaliers,Brendan Haywood,7'0,268,North Carolina,1979-11-11
2001,1.21,1,21,Celtics,Joseph Forte,6'4,192,North Carolina,1981-05-23
2001,1.22,1,22,Magic,Jeryl Sasser,6'6,200,SMU,1979-02-13
2001,1.23,1,23,Rockets,Brandon Armstrong,6'5,185,Pepperdine,1980-06-16
2001,1.24,1,24,Jazz,Raul Lopez,6'0,161,,4-15-1980
2001,1.25,1,25,Kings,Gerald Wallace,6'7,215,Alabama,1982-07-23
2001,1.26,1,26,76ers,Samuel Dalembert,6'11,250,Seton Hall,1981-05-10
2001,1.27,1,27,Grizzlies,Jamaal Tinsley,6'3,195,Iowa State,1978-02-28
2001,1.28,1,28,Spurs,Tony Parker,6'2,177,,1982-05-17
2001,2.01,2,1,Bulls,Trenton Hassell,6'5,200,Austin Peay,1979-03-04
2001,2.02,2,2,Warriors,Gilbert Arenas,6'3,191,Arizona,1982-01-06
2001,2.03,2,3,Magic,Omar Cook,6'1,191,St. John's,1-28-1982
2001,2.04,2,4,Grizzlies,Will Solomon,6'1,185,Clemson,1978-07-20
2001,2.05,2,5,Hawks,Terence Morris,6'9,221,Maryland,1979-01-11
2001,2.06,2,6,Nets,Brian Scalabrine,6'9,240,USC,1978-03-18
2001,2.07,2,7,Cavaliers,Jeff Trepagnier,6'4,200,USC,1979-07-11
2001,2.08,2,8,76ers,Damone Brown,6'8,220,Syracuse,1979-06-28
2001,2.09,2,9,Pistons,Mehmet Okur,6'11,249,,1979-05-26
2001,2.1,2,10,Knicks,Michael Wright,6'7,239,Arizona,1-7-1980
2001,2.11,2,11,Supersonics,Earl Watson,6'1,195,UCLA,1979-06-12
2001,2.12,2,12,Pacers,Jamison Brewer,6'4,180,Auburn,1980-11-19
2001,2.13,2,13,Supersonics,Bobby Simmons,6'7,210,DePaul,1980-06-02
2001,2.14,2,14,Knicks,Eric Chenowith,7'1,271,Kensas,3-9-1979
2001,2.15,2,15,Mavericks,Kyle Hill,6'1,188,Eastern Illinois,4-7-1979
2001,2.16,2,16,Bulls,Sean Lampley,6'7,227,California,1979-09-03
2001,2.17,2,17,Timberwolves,Loren Woods,7'1,245,Arizona,1978-06-21
2001,2.18,2,18,Nuggets,Ousmane Cisse,6'8,252,,10-20-1982
2001,2.19,2,19,Grizzlies,Antonis Fotsis,6'10,219,,1981-04-01
2001,2.2,2,20,Heat,Ken Johnson,6'11,240,Ohio State,1978-02-01
2001,2.21,2,21,Trailblazers,Ruben Boumtje-Boumtje,7'0,257,Georgetown,1978-05-20
2001,2.22,2,22,Suns,Alton Ford,6'9,275,Houston,1981-05-29
2001,2.23,2,23,Bucks,Andre Hutson,6'8,241,Michigan State,1-12-1979
2001,2.24,2,24,Jazz,Jarron Collins,6'11,255,Stanford,1978-12-02
2001,2.25,2,25,Mavericks,Kenny Satterfield,6'2,186,Cincinnati,1981-04-12
2001,2.26,2,26,Kings,Maurice Jeffers,6'4,193,St. Louis,4-3-1979
2001,2.27,2,27,Spurs,Robertas Javtokas,6'10,213,,3-20-1980
2001,2.28,2,28,76ers,Alvin Jones,6'11,265,Georgia Tech,1978-09-09
2001,2.29,2,29,Spurs,Bryan Bracey,6'7,211,Oregon,8-5-1978
2000,1.01,1,1,Nets,Kenyon Martin,6'9,230,Cincinnati,1977-12-30
2000,1.02,1,2,Grizzlies,Stromile Swift,6'10,220,Louisiana State,1979-11-21
2000,1.03,1,3,Clippers,Darius Miles,6'9,210,,1981-10-09
2000,1.04,1,4,Bulls,Marcus Fizer,6'8,260,Iowa State,1978-08-10
2000,1.05,1,5,Magic,Mike Miller,6'9,218,Florida,1980-02-19
2000,1.06,1,6,Hawks,DerMarr Johnson,6'9,201,Cincinnati,1980-05-05
2000,1.07,1,7,Bulls,Chris Mihm,7'0,265,Texas,1979-07-16
2000,1.08,1,8,Cavaliers,Jamal Crawford,6'5,175,Michigan,1980-03-20
2000,1.09,1,9,Rockets,Joel Przybilla,7'1,255,Minnesota,1979-10-10
2000,1.1,1,10,Magic,Keyon Dooling,6'3,196,Missouri,1980-05-08
2000,1.11,1,11,Celtics,Jerome Moiso,6'10,232,UCLA,1978-06-15
2000,1.12,1,12,Mavericks,Etan Thomas,6'9,256,Syracuse,1978-04-01
2000,1.13,1,13,Magic,Courtney Alexander,6'5,205,Fresno State,1977-04-27
2000,1.14,1,14,Pistons,Mateen Cleaves,6'3,210,Michigan State,1977-09-07
2000,1.15,1,15,Bucks,Jason Collier,7'0,260,Georgia Tech,1977-09-08
2000,1.16,1,16,Kings,Hidayet Turkoglu,6'8,220,,1979-03-19
2000,1.17,1,17,Supersonics,Desmond Mason,6'5,222,Oklahoma State,1977-10-11
2000,1.18,1,18,Clippers,Quentin Richardson,6'6,236,DePaul,1980-04-13
2000,1.19,1,19,Hornets,Jamaal Magloire,6'11,259,Kentucky,1978-05-21
2000,1.2,1,20,76ers,Speedy Claxton,5'11,166,Hofstra,1978-05-08
2000,1.21,1,21,Raptors,Morris Peterson,6'7,215,Michigan State,1977-08-26
2000,1.22,1,22,Knicks,Donnell Harvey,6'8,216,Florida,1980-08-26
2000,1.23,1,23,Jazz,DeShawn Stevenson,6'5,210,,1981-04-03
2000,1.24,1,24,Bulls,Dalibor Bagaric,7'1,255,,1980-02-07
2000,1.25,1,25,Suns,Iakovos Tsakalidis,7'2,285,,1979-06-10
2000,1.26,1,26,Nuggets,Mamadou NDiaye,7'0,255,Auburn,1975-06-16
2000,1.27,1,27,Pacers,Primoz Brezec,7'1,243,,1979-10-02
2000,1.28,1,28,Trailblazers,Erick Barkley,6'1,177,St. John's,1978-02-21
2000,1.29,1,29,Lakers,Mark Madsen,6'9,236,Stanford,1976-01-28
2000,2.01,2,1,Clippers,Marko Jaric,6'8,210,,1978-12-10
2000,2.02,2,2,Mavericks,Dan Langhi,6'11,220,Vanderbilt,1977-11-28
2000,2.03,2,3,Bulls,A.J. Guyton,6'2,185,Indiana,1978-02-13
2000,2.04,2,4,Bulls,Jake Voskuhl,6'11,245,Connecticut,1977-11-01
2000,2.05,2,5,Bulls,Khalid El-Amin,5'9,200,Connecticut,1979-04-25
2000,2.06,2,6,Wizards,Mike Smith,6'8,195,Louisiana-Monroe,1976-04-15
2000,2.07,2,7,Nets,Soumalia Samake,7'0,230,,1978-03-18
2000,2.08,2,8,Heat,Eddie House,6'0,176,Arizona State,1978-05-14
2000,2.09,2,9,Rockets,Eduardo Najera,6'8,240,Oklahoma,1976-07-11
2000,2.1,2,10,Knicks,Lavor Postell,6'5,205,St. John's,1978-02-26
2000,2.11,2,11,Hawks,Hanno Mottola,6'11,247,Utah,1976-09-09
2000,2.12,2,12,Spurs,Chris Carrawell,6'6,215,Duke,11-25-1977
2000,2.13,2,13,Supersonics,Olumide Oyedeji,6'10,240,,1981-05-11
2000,2.14,2,14,Bucks,Michael Redd,6'6,214,Ohio State,1979-08-24
2000,2.15,2,15,Pistons,Brian Cardinal,6'8,245,Purdue,1977-05-02
2000,2.16,2,16,Kings,Jabari Smith,6'11,240,LSU,1977-04-12
2000,2.17,2,17,Raptors,DeeAndre Hulett,6'8,205,IBL,12-29-1980
2000,2.18,2,18,Sonics,Josip Sesar,6'6,211,,1-17-1978
2000,2.19,2,19,76ers,Mark Karcher,6'5,214,Temple,11-22-1978
2000,2.2,2,20,Bucks,Jason Hart,6'3,185,Syracuse,1978-04-29
2000,2.21,2,21,Jazz,Kaniel Dickens,6'8,234,Idaho,7-21-1978
2000,2.22,2,22,Timberwolves,Igor Rakocevic,6'3,183,,1978-03-29
2000,2.23,2,23,Heat,Ernest Brown,7'0,255,Indian Hills CC,1979-05-17
2000,2.24,2,24,Nuggets,Dan McClintock,7'0,260,Northern Arizona,1977-04-19
2000,2.25,2,25,Spurs,Cory Hightower,6'8,201,Indian Hills CC,7-30-1979
2000,2.26,2,26,Warriors,Chris Porter,6'7,218,Auburn,1978-05-09
2000,2.27,2,27,Pacers,Jaquay Walls,6'3,171,Colorado,4-3-1978
2000,2.28,2,28,Hawks,Scoonie Penn,5'10,185,Ohio State,1-9-1977
2000,2.29,2,29,Mavericks,Pete Mickeal,6'5,229,Cincinatti,2-22-1978
1999,1.01,1,1,Bulls,Elton Brand,6'8,275,Duke,1979-03-11
1999,1.02,1,2,Grizzlies,Steve Francis,6'3,195,Maryland,1978-02-21
1999,1.03,1,3,Hornets,Baron Davis,6'3,209,UCLA,1979-04-13
1999,1.04,1,4,Clippers,Lamar Odom,6'10,220,Rhode Island,1979-11-06
1999,1.05,1,5,Raptors,Jonathan Bender,6'11,202,none,1981-01-30
1999,1.06,1,6,Timberwolves,Wally Szczerbiak,6'7,244,Miami (OH),1977-03-05
1999,1.07,1,7,Wizards,Richard Hamilton,6'6,185,Connecticut,1978-02-14
1999,1.08,1,8,Cavaliers,Andre Miller,6'2,200,Utah,1976-03-19
1999,1.09,1,9,Suns,Shawn Marion,6'7,220,UNLV,1978-05-07
1999,1.1,1,10,Hawks,Jason Terry,6'2,176,Arizona,1977-09-15
1999,1.11,1,11,Cavaliers,Trajan Langdon,6'3,197,Duke,1976-05-13
1999,1.12,1,12,Raptors,Alek Radojevic,7'3,242,Barton County CC,1976-08-08
1999,1.13,1,13,Supersonics,Corey Maggette,6'6,218,Duke,1979-11-12
1999,1.14,1,14,Timberwolves,William Avery,6'2,197,Duke,1979-08-08
1999,1.15,1,15,Knicks,Frederic Weis,7'2,248,,6-22-1977
1999,1.16,1,16,Bulls,Ron Artest,6'6,244,St. John's,1979-11-13
1999,1.17,1,17,Hawks,Cal Bowdler,6'10,245,Old Dominion,1977-03-31
1999,1.18,1,18,Nuggets,James Posey,6'8,215,Xavier,1977-01-13
1999,1.19,1,19,Jazz,Quincy Lewis,6'7,215,Minnesota,1977-06-26
1999,1.2,1,20,Hawks,Dion Glover,6'5,228,Georgia Tech,1978-10-22
1999,1.21,1,21,Warriors,Jeff Foster,6'11,236,Southwest Texas State,1977-01-16
1999,1.22,1,22,Rockets,Kenny Thomas,6'7,261,New Mexico,1977-07-25
1999,1.23,1,23,Lakers,Devean George,6'8,220,Augsburg (MN),1977-08-29
1999,1.24,1,24,Jazz,Andrei Kirilenko,6'9,210,None,1981-02-18
1999,1.25,1,25,Heat,Tim James,6'7,212,Miami (FL),1976-12-26
1999,1.26,1,26,Pacers,Vonteego Cummings,6'3,185,Pittsburgh,1976-02-29
1999,1.27,1,27,Hawks,Jumaine Jones,6'8,218,Georgia,1979-02-10
1999,1.28,1,28,Jazz,Scott Padgett,6'9,240,Kentucky,1976-04-19
1999,1.29,1,29,Spurs,Leon Smith,6'10,235,None,1980-11-02
1999,2.01,2,1,Lakers,John Celestand,6'4,178,Villanova,1977-03-06
1999,2.02,2,2,Clippers,Rico Hill,6'5,247,,2-14-1977
1999,2.03,2,3,Bulls,Michael Ruffin,6'9,246,Tulsa,1977-01-21
1999,2.04,2,4,Nuggets,Chris Herren,6'2,197,Fresno State,1975-09-27
1999,2.05,2,5,Nets,Evan Eschmeyer,6'11,255,Northwestern,1975-05-30
1999,2.06,2,6,Wizards,Calvin Booth,6'11,230,Penn State,1976-05-07
1999,2.07,2,7,Mavericks,Wang ZhiZhi,7'0,255,Bejing (China),1977-07-08
1999,2.08,2,8,Grizzlies,Obinna Ekezie,6'9,270,Maryland,1975-08-22
1999,2.09,2,9,Magic,Laron Profit,6'5,204,Maryland,1977-08-05
1999,2.1,2,10,Cavaliers,A.J. Bramlett,6'10,227,Arizona,1977-01-10
1999,2.11,2,11,Mavericks,Gordan Giricek,6'5,210,None,1977-06-20
1999,2.12,2,12,Nuggets,Francisco Elson,6'11,231,California,2-28-1976
1999,2.13,2,13,Timberwolves,Louis Bullock,6'1,182,Michigan,5-20-1976
1999,2.14,2,14,Hornets,Lee Nailon,6'8,241,TCU,1975-02-22
1999,2.15,2,15,Rockets,Tyrone Washington,6'8,261,Mississippi State,9-16-1976
1999,2.16,2,16,Kings,Ryan Robertson,6'5,190,Kansas,1976-10-02
1999,2.17,2,17,Knicks,J.R. Koch,6'10,225,Iowa,9-10-1976
1999,2.18,2,18,76ers,Todd MacCulloch,7'0,280,Washington,1976-01-27
1999,2.19,2,19,Bucks,Galen Young,6'5,210,Charlotte,10-16-1975
1999,2.2,2,20,Bulls,Lari Ketner,6'9,277,Massachusetts,1977-02-01
1999,2.21,2,21,Rockets,Venson Hamilton,6'10,241,Nebraska,8-11-1977
1999,2.22,2,22,Grizzlies,Antwain Smith,6'6,213,St. Paul's,5-1-1975
1999,2.23,2,23,Trailblazers,Roberto Bergersen,6'5,208,Boise State,1-6-1976
1999,2.24,2,24,Heat,Rodney Buford,6'5,189,Creighton,1977-11-02
1999,2.25,2,25,Pistons,Melvin Levett,6'3,202,Cincinatti,4-25-1976
1999,2.26,2,26,Celtics,Kris Clack,6'4,235,Texas,7-6-1977
1999,2.27,2,27,Warriors,Tim Young,7'0,220,Stanford,1976-02-06
1999,2.28,2,28,Spurs,Emmanuel Ginobili,6'6,210,None,1977-07-28
1999,2.29,2,29,Jazz,Eddie Lucas,6'7,204,Virginia Tech,7-14-1975
