PLAYER,TEAM,GP,MPG,TS%,AST,TO,USG,ORR,DRR,REBR,Player Efficiency Rating (PER),VA,EWA
Russell Westbrook,OKC,56,34.6,0.542,22.9,12.4,42.4,5.8,27.4,16.7,29.19,526,17.5
Kawhi Leonard,SA,50,33.7,0.62,12.8,8,29.3,4.1,15.5,10,28.25,445.8,14.9
Isaiah Thomas,BOS,51,34.5,0.627,19.4,8,33.1,1.8,6.8,4.3,27.76,440.8,14.7
Anthony Davis,NO,52,36.3,0.581,7.7,9.1,29.8,6.5,28.6,17.4,27.68,456.1,15.2
Kevin Durant,GS,55,34.2,0.651,17.9,8.6,26.7,2.2,23,13.4,27.53,477.7,15.9
James Harden,HOU,57,36.5,0.614,27.6,14.4,35.4,3.5,21.3,12.4,27.47,527.2,17.6
Chris Paul,LAC,36,30.9,0.611,36.7,9.1,25.8,2.6,16,9.5,27.31,270.7,9
Nikola Jokic,DEN,48,26.8,0.652,23,11,23.5,12.8,24.2,18.5,27.01,297.4,9.9
DeMarcus Cousins,SAC,53,34.6,0.562,14.3,11.2,35.5,7.2,29.1,18.1,26.61,413.5,13.8
Giannis Antetokounmpo,MIL,53,35.4,0.606,19.9,11,27.5,6.3,21.4,14,26.6,450.2,15
LeBron James,CLE,50,37.6,0.61,25.7,12.4,30,3.7,18.6,11.4,26.15,439,14.6
Jimmy Butler,CHI,49,36.5,0.59,17.3,7.6,27.2,4.9,14.3,9.5,25.59,403,13.4
DeMar DeRozan,TOR,48,35.5,0.554,12.1,7.4,32.7,3.1,13.9,8.5,24.82,364.6,12.2
Karl-Anthony Towns,MIN,55,36.4,0.595,11.4,10.5,26.4,10.9,27.1,18.9,24.53,416.1,13.9
Enes Kanter,OKC,47,21.6,0.615,7.1,11.3,24.8,13.3,20.9,17.2,24.47,210,7
Joel Embiid,PHI,31,25.4,0.585,9.2,16.3,33.8,8.5,25.5,17,24.36,161.4,5.4
Stephen Curry,GS,54,33.5,0.631,21.9,9.8,28.3,2.1,11.2,7,24.21,356.6,11.9
Blake Griffin,LAC,35,33.4,0.556,18.1,8.7,28.5,7.5,21.6,14.7,23.95,217.1,7.2
JaVale McGee,GS,50,9.4,0.657,4,11.3,21.9,13.5,19.9,16.9,23.72,91.8,3.1
Louis Williams,LAL,56,24.2,0.605,15.3,10.2,29.8,1,9.6,5.2,23.48,262.2,8.7
Kyle Lowry,TOR,54,37.6,0.627,24.9,10.1,25.1,2.6,11.6,7.1,23.31,373.6,12.5
John Wall,WSH,52,36.6,0.541,29.5,11.7,31.4,2.6,10.9,6.8,23.17,345.5,11.5
Gordon Hayward,UTAH,49,34.7,0.603,14.3,8.1,26.2,2.1,16.1,9.3,22.95,315.6,10.5
Damian Lillard,POR,50,35.9,0.577,18.7,8.5,29.8,2,13.2,7.5,22.51,308.8,10.3
Mike Conley,MEM,45,32.7,0.587,25,9,26.4,1.9,10.8,6.2,22.45,251.3,8.4
Greg Monroe,MIL,53,21.6,0.574,15.8,11.4,22.7,10.7,24.9,17.9,22.18,197.8,6.6
Rudy Gobert,UTAH,56,33.5,0.669,8.3,14.3,14.9,13.8,29.3,21.8,22.14,323.4,10.8
Dwight Howard,ATL,50,29.6,0.642,9,15.1,17.6,16.1,31.8,24.1,22.05,253,8.4
Kevin Love,CLE,46,31.9,0.583,9,10,24.9,8.9,28.9,19.1,21.99,229.5,7.7
Kyrie Irving,CLE,47,35.2,0.571,19.5,9.2,29.5,2.5,7.5,5,21.69,263.7,8.8
Marc Gasol,MEM,54,34.4,0.566,17.2,8.7,26.4,2.6,18.1,10.1,21.58,304.1,10.1
Andre Drummond,DET,55,30.7,0.525,5.9,12.2,21.9,14.5,36.3,25.1,21.48,273.9,9.1
Hassan Whiteside,MIA,51,32.9,0.569,3.7,12.1,20.8,11.8,35.3,23.5,21.36,269.9,9
Eric Bledsoe,PHX,55,33.2,0.567,21.5,11.6,28.4,2.8,13.8,8.1,21.23,278.8,9.3
Clint Capela,HOU,42,23.4,0.634,7.8,10.9,18.2,11.4,24.5,18,20.96,152.1,5.1
Nerlens Noel,PHI,28,19,0.628,11.1,10.3,16.7,8.9,19.5,14.2,20.94,75.1,2.5
Kyle O'Quinn,NY,54,15.4,0.561,15.8,11.8,18.5,14,24.9,19.5,20.93,127.8,4.3
DeAndre Jordan,LAC,55,31.3,0.663,9.8,13,14.2,12.8,35,24.3,20.9,264.6,8.8
Kenneth Faried,DEN,47,22.3,0.608,8.9,10,16.6,15.7,24.3,20,20.83,145.9,4.9
Brook Lopez,BKN,50,29.5,0.574,11.2,10.6,27.3,5.7,12.7,9.3,20.8,224.4,7.5
C.J. McCollum,POR,55,34.7,0.593,14.1,8.8,26.6,2.6,9.3,5.9,20.8,293.5,9.8
Kemba Walker,CHA,54,34.1,0.564,19.6,8.3,28,2,10.9,6.5,20.71,266.9,8.9
George Hill,UTAH,31,31.6,0.595,19.9,6.9,23.3,2.2,10,6.2,20.38,137.2,4.6
Marreese Speights,LAC,55,16.6,0.601,8.8,7.4,22.5,8,23.3,15.9,20.14,129.7,4.3
Dwyane Wade,CHI,48,30.4,0.51,15.5,8.9,29.7,3.8,12.3,8,19.86,203.7,6.8
Jeff Teague,IND,55,32.6,0.578,33.3,11.5,23.1,1.5,12.4,7.1,19.86,237.3,7.9
Bradley Beal,WSH,50,34.4,0.598,15,8.4,25.4,2,7.5,4.8,19.71,236.5,7.9
Montrezl Harrell,HOU,45,19.4,0.659,13.2,9.4,17.1,8.8,13.4,11.1,19.52,104.7,3.5
Myles Turner,IND,54,30.8,0.6,7.4,8.8,19.1,5.7,20.2,13.1,19.44,219.3,7.3
Goran Dragic,MIA,48,34.3,0.583,23.3,11.9,26.7,2.4,10.2,6.3,19.41,206.7,6.9
Carmelo Anthony,NY,55,34,0.543,11.1,7.6,28.6,2.7,16.5,9.6,19.3,245.5,8.2
Jonas Valanciunas,TOR,53,27.2,0.588,5.9,11.1,18.2,12,29,20.4,19.27,186.3,6.2
Al Jefferson,IND,55,14.7,0.532,9.3,5.4,23.9,9.2,23.1,16.2,19.25,104.1,3.5
Zach Randolph,MEM,49,24.3,0.496,9.9,7.4,27.4,11.1,28,19.3,19.14,135.8,4.5
Paul George,IND,48,35.7,0.578,12.9,11.2,26.3,2.7,16.3,9.6,19.12,220.2,7.3
Dwight Powell,DAL,55,18.6,0.597,11.2,5.2,14.6,8.4,19.8,13.8,19.12,116.5,3.9
Jabari Parker,MIL,51,33.9,0.563,12.4,8.1,24.6,5.4,15.3,10.4,19.06,195,6.5
Pau Gasol,SA,39,26.4,0.558,18.8,8.7,19.6,6.7,26.8,17.1,18.96,128.4,4.3
David Lee,SA,54,18.6,0.617,18.8,11.5,16.6,11.5,22.5,17.2,18.96,112,3.7
Mason Plumlee,POR,54,28.1,0.552,25.4,10.4,18.3,8.6,23.1,15.8,18.82,185.9,6.2
Willy Hernangomez,NY,48,15.3,0.58,13.3,14.9,18.6,13.3,27.4,20.3,18.76,89.6,3
Nikola Vucevic,ORL,54,28.5,0.499,15.6,8.9,23.3,8.3,30.7,19.3,18.72,186.6,6.2
Paul Millsap,ATL,52,34.3,0.54,16.7,9.5,23.4,5.6,19.9,12.9,18.7,191.5,6.4
LaMarcus Aldridge,SA,50,32.4,0.537,10.5,7.3,23.1,8.3,17.3,12.9,18.62,172.2,5.7
Jrue Holiday,NO,41,32.3,0.548,29.4,12.2,24.9,2.4,10.6,6.5,18.38,146,4.9
Rudy Gay,SAC,30,33.8,0.559,12.6,11.2,24.4,4,17.9,11,18.08,114.6,3.8
Al Horford,BOS,43,33.1,0.543,24.7,8.3,20.6,4.7,18.1,11.4,18.02,157.7,5.3
Brandon Bass,LAC,36,11.9,0.664,9.6,12.2,17.2,6.9,14.5,10.8,17.9,41,1.4
Otto Porter Jr.,WSH,54,33.8,0.649,11.6,5.5,14.6,4.5,17.6,11.1,17.89,201.4,6.7
Serge Ibaka,ORL,56,30.5,0.569,6.8,7.6,19.5,6.3,18.5,12.3,17.67,157.4,5.2
Kristaps Porzingis,NY,48,33.1,0.553,6.7,8.9,22.8,5.5,17.5,11.5,17.61,144.7,4.8
Willie Reed,MIA,47,14.6,0.575,6.4,7.2,14.1,13.5,22.2,17.8,17.53,61.8,2.1
Harrison Barnes,DAL,55,35.8,0.541,7.1,6,24.1,3.9,13.7,8.6,17.44,204,6.8
J.J. Barea,DAL,18,24.7,0.53,27.3,9.5,25.4,1.3,13.1,6.9,17.38,42.3,1.4
Draymond Green,GS,52,33.3,0.534,38.1,12,16.7,5,21.4,13.8,17.36,151.1,5
Cody Zeller,CHA,39,26.8,0.621,12.6,11,15.6,9.3,16.7,13,17.23,103.3,3.4
Dewayne Dedmon,SA,49,17.1,0.644,10.4,12.7,11.8,11.1,31.3,21.5,17.12,81.3,2.7
Steven Adams,OKC,54,30.8,0.602,8.4,15.1,16,12.5,15.9,14.2,17.12,161.8,5.4
Nene ,HOU,47,17,0.631,10.5,14,18,7.5,17,12.3,17.11,77.8,2.6
Michael Beasley,MIL,46,16.7,0.579,10.4,12.4,23,5,19.1,12.2,17.09,75.7,2.5
James Johnson,MIA,51,26.5,0.581,20.3,13.8,21.3,3.6,16.9,10.2,17.04,111.5,3.7
Tyson Chandler,PHX,46,27.8,0.703,8.1,17.5,10.7,12.7,34,23,16.78,117.8,3.9
Jeremy Lamb,CHA,35,17.3,0.53,10.7,5.9,22.8,3,24.5,13.8,16.67,55.7,1.9
Tyreke Evans,NO,25,17.9,0.497,23.6,9.8,27.4,1.4,17.8,9.5,16.67,41.2,1.4
Lucas Nogueira,TOR,46,21.7,0.702,15.5,14.7,9.2,9.1,16.5,12.8,16.67,90.2,3
Dirk Nowitzki,DAL,29,25.8,0.512,9.9,5.7,23.9,2.1,25.7,13.3,16.64,57.4,1.9
Dennis Schroder,ATL,55,30.9,0.543,24.6,12.1,27.4,1.8,8.4,5.1,16.6,142.1,4.7
Klay Thompson,GS,53,34.2,0.592,9,8.2,23.5,2.3,9.3,6.1,16.59,164.7,5.5
Tobias Harris,DET,56,31.8,0.573,9.5,7.5,20.6,1.8,16.5,8.9,16.58,161.5,5.4
David West,GS,42,11.5,0.582,31.3,15.1,17.5,6.4,18.7,13,16.57,36.6,1.2
Marcin Gortat,WSH,54,34.5,0.613,12.6,11.9,13.7,10.8,26.4,18.7,16.43,162,5.4
Willie Cauley-Stein,SAC,48,12.7,0.585,9,9,17.6,8.1,16,12,16.37,52.4,1.7
Andrew Wiggins,MIN,55,37.1,0.538,9.7,9.2,26.5,3.9,9.3,6.5,16.34,177.9,5.9
Thomas Robinson,LAL,34,11,0.518,13.2,14.3,16.7,16.6,27.2,21.8,16.33,27,0.9
Terrence Jones,NO,51,24.8,0.518,8.8,7.2,19.7,5.3,20,12.6,16.3,90.5,3
Derrick Rose,NY,47,32,0.517,18.5,10.3,26,3.8,9.3,6.6,16.27,118.4,3.9
Richaun Holmes,PHI,31,15.9,0.566,10.7,11.6,17.3,10.5,19,14.7,16.25,35,1.2
Trevor Booker,BKN,50,26.1,0.557,16.7,14.2,16.9,8.8,25.7,17.4,16.06,89,3
Tarik Black,LAL,44,16.4,0.56,10.1,12.4,15.7,15.1,22.1,18.5,16.06,58.6,2
Larry Nance Jr.,LAL,37,22.2,0.591,16.8,10.6,12.8,8.4,19,13.6,15.96,54.7,1.8
Danilo Gallinari,DEN,44,34.2,0.603,12.4,7.9,18.9,1.8,14.4,8,15.92,121.7,4.1
Nicolas Batum,CHA,52,34.7,0.539,26.8,11.6,21.5,2.3,19.8,11,15.92,145.9,4.9
Zaza Pachulia,GS,44,18.8,0.589,24.1,15.4,14.2,13.6,21.4,17.8,15.91,65.5,2.2
Will Barton,DEN,41,28.9,0.552,19.3,9.7,20.8,4.3,13.7,9,15.86,94.7,3.2
Jon Leuer,DET,50,26.9,0.587,14.5,7.5,16.5,5.5,18,11.6,15.84,87.1,2.9
Cristiano Felicio,CHI,46,15.5,0.587,12,9.4,12.2,14,19.7,16.8,15.79,45.6,1.5
Patty Mills,SA,54,21.4,0.59,25.6,10.1,20.1,1.7,7.7,4.8,15.79,82.4,2.7
Tyler Johnson,MIA,48,30.7,0.522,18.4,6,20.2,2.2,12.9,7.5,15.78,116.1,3.9
Elfrid Payton,ORL,57,29.1,0.507,28.3,10.1,22.5,2.9,11.7,7.2,15.71,116.6,3.9
Channing Frye,CLE,46,18,0.6,7.1,7.8,18.7,3.6,17.6,10.8,15.68,51.6,1.7
Avery Bradley,BOS,36,34.9,0.561,12,8.9,21,3.6,18.6,11.1,15.63,96.2,3.2
Taj Gibson,CHI,53,27.3,0.544,8.3,10.9,18.5,8.6,19.2,13.8,15.61,88.8,3
Jae Crowder,BOS,45,32.4,0.63,15.3,7.2,15.8,2,16.2,9.1,15.61,111.3,3.7
Deron Williams,DAL,39,29.3,0.537,32,11.3,24.4,1.3,9.4,5.1,15.59,78.2,2.6
D'Angelo Russell,LAL,40,26.5,0.509,22.6,12.2,26.8,2.3,13.6,7.8,15.58,72.5,2.4
Derrick Favors,UTAH,39,23.4,0.502,9.1,10.2,19.6,8.7,20.8,15,15.58,55.6,1.9
Nick Young,LAL,49,26.5,0.609,7.9,4.7,18.5,1.9,7.9,4.8,15.53,97.5,3.2
Julius Randle,LAL,48,28.4,0.538,19.8,14,21.9,6.6,24.7,15.4,15.46,80.6,2.7
Ricky Rubio,MIN,49,31.9,0.537,43.7,12.3,17.3,3.3,10.5,6.8,15.46,104.1,3.5
Darren Collison,SAC,47,30.8,0.578,23.6,8.9,19.6,1.5,6.4,3.9,15.43,95.7,3.2
Kelly Olynyk,BOS,48,21.2,0.605,18,11.6,17.9,4.8,20.2,12.5,15.42,73.3,2.4
Ersan Ilyasova,PHI/OKC,55,27.2,0.555,10.9,8.9,22.3,5.2,19,12.1,15.4,86.9,2.9
Beno Udrih,DET,30,14,0.527,32.9,8.7,21,1.3,9,5,15.38,27.5,0.9
Gary Harris,DEN,31,28.4,0.579,16.7,8.7,18.7,3.1,9.1,6.1,15.38,64,2.1
Reggie Jackson,DET,35,28.5,0.515,24.9,10.4,26.9,1.6,7.6,4.5,15.34,64.6,2.2
Tristan Thompson,CLE,53,29.8,0.583,9.8,9.1,10.6,13.8,21.6,17.8,15.33,111.5,3.7
Amir Johnson,BOS,54,19.9,0.624,22.3,11.2,13.4,9.2,16.7,12.9,15.26,60.2,2
Joakim Noah,NY,46,22.1,0.491,25.9,14.6,12.9,16.9,25.4,21.2,15.16,69,2.3
Justin Anderson,DAL,50,14.1,0.523,8.3,10.3,21.9,6.2,19.1,12.3,15.14,48.8,1.6
Salah Mejri,DAL,49,13.5,0.687,7,21.1,8.6,12,29.4,20.3,15.09,44.5,1.5
Jusuf Nurkic,DEN,45,17.9,0.515,12.1,16.6,21.8,12.3,23.7,18,15.06,53.7,1.8
Wilson Chandler,DEN,50,30.9,0.535,11.2,9.4,21.6,5.5,18.7,12.1,15.04,104.6,3.5
Thaddeus Young,IND,49,31.1,0.573,12.5,11.3,15.5,5.5,16.3,11,15.04,80.4,2.7
Robin Lopez,CHI,55,28.1,0.511,8.2,8.8,15.7,12.8,13.6,13.2,15,101.5,3.4
Jahlil Okafor,PHI,37,23.2,0.538,7.7,11,21.4,7.8,15.1,11.4,14.98,56,1.9
Terrence Ross,TOR,54,22.4,0.558,7.8,5.7,18.4,1.3,11.7,6.4,14.91,79.4,2.6
Kris Humphries,ATL,43,11.8,0.55,9.6,10,16.8,9.7,21.8,15.9,14.9,25.8,0.9
Juancho Hernangomez,DEN,39,12.3,0.594,9.7,7.4,13.4,7.2,19.7,13.4,14.85,23.9,0.8
Tim Hardaway Jr.,ATL,53,25,0.554,14.2,7.5,21.7,1.4,9.5,5.5,14.85,86,2.9
Zach LaVine,MIN,47,37.2,0.576,14,8.5,21.1,1.2,9.7,5.4,14.82,99.6,3.3
Eric Gordon,HOU,51,30.5,0.573,14.1,9,22.7,1.2,8.5,4.9,14.74,98.3,3.3
Spencer Hawes,CHA,35,17.9,0.545,18.5,11.9,18.7,5.5,19.5,12.6,14.72,30.1,1
Seth Curry,DAL,51,28.2,0.578,19.4,8.9,18.3,1.7,9.5,5.4,14.72,90.5,3
Kevin Seraphin,IND,32,11.4,0.552,10.5,10.5,16.5,9.1,21.5,15.4,14.7,22.3,0.7
Alex Len,PHX,53,19.6,0.555,6.3,14.8,16,10.3,26.1,17.9,14.7,63.5,2.1
John Henson,MIL,46,20.2,0.556,13.2,12.1,15.4,8.1,20.9,14.6,14.68,56.6,1.9
Mike Muscala,ATL,49,19.9,0.6,16.6,10.9,14.6,7,13.5,10.3,14.56,44.4,1.5
Gorgui Dieng,MIN,55,32,0.56,15.1,10.9,14.2,8.3,20.8,14.4,14.44,77.1,2.6
J.J. Redick,LAC,52,28.3,0.585,8.6,8.5,20.8,0.9,7.7,4.4,14.32,84.1,2.8
Kosta Koufos,SAC,55,19.2,0.591,9.2,13.2,13.5,10,23.5,16.7,14.32,58.5,1.9
Ty Lawson,SAC,51,24.6,0.532,30.3,12.2,19.6,3.1,9.5,6.3,14.32,62,2.1
Kevon Looney,GS,42,9.2,0.611,17.8,9.6,11.9,11.1,19.2,15.5,14.19,21.2,0.7
Markieff Morris,WSH,52,32.1,0.537,10.4,10.9,20.2,5.3,18.4,12,14.19,66.9,2.2
Manu Ginobili,SA,48,18.5,0.531,22.2,12.1,21,2.2,11.7,7.1,14.19,48.9,1.6
Devin Booker,PHX,55,34.6,0.526,12.3,11,26.9,1.9,7.2,4.4,14.19,104.7,3.5
Luis Scola,BKN,36,12.8,0.55,15.5,14.3,17.7,11.8,19.9,15.9,14.02,17.4,0.6
Tyus Jones,MIN,34,11.4,0.548,39.5,10.1,15.3,2.1,7.7,4.8,14,17.3,0.6
Tony Parker,SA,42,26.1,0.529,29.2,8.3,20.5,1,7.1,4.1,13.99,48.9,1.6
Victor Oladipo,OKC,47,33.6,0.535,13.3,8.2,20.3,2,12.4,7.2,13.97,81.8,2.7
Yogi Ferrell,DAL/BKN,19,24.3,0.571,23.5,12,19.5,1.7,7.6,4.5,13.96,20.4,0.7
Sam Dekker,HOU,57,19.7,0.555,13.1,7.7,15.2,7.8,14.1,10.9,13.96,57.8,1.9
Evan Fournier,ORL,44,33,0.548,16.1,10.6,22.9,2.3,8.6,5.4,13.93,74.4,2.5
Shabazz Muhammad,MIN,51,19.8,0.566,4.6,7.3,18.7,6,11.2,8.6,13.93,51.5,1.7
Dion Waiters,MIA,33,30.7,0.498,19,10,25.6,1.4,10.7,6,13.9,51.3,1.7
Ish Smith,DET,55,23.6,0.484,32.6,9.5,20.3,1.2,11.9,6.4,13.86,55.3,1.8
Malcolm Brogdon,MIL,54,25.7,0.537,28.8,10.6,18.4,2.7,9.2,6,13.82,68.9,2.3
Cole Aldrich,MIN,50,9.3,0.559,21,10.1,9,11.5,24.7,18,13.79,22.2,0.7
Patrick Beverley,HOU,43,30.9,0.557,30.6,9.9,14.6,4.8,15.9,10.3,13.77,55,1.8
Kentavious Caldwell-Pope,DET,51,33.8,0.53,16.4,7.3,18.8,2.5,8.5,5.5,13.7,82.1,2.7
Darrell Arthur,DEN,29,16.3,0.616,13.7,12.9,17.6,4.9,14.5,9.7,13.69,15.4,0.5
C.J. Miles,IND,49,23.1,0.588,5.5,5.3,17.1,1.6,12.6,7.2,13.67,53.6,1.8
Tim Frazier,NO,41,25.1,0.529,36,12.1,19,2.1,9.9,6,13.65,40.7,1.4
Jordan Clarkson,LAL,56,27.3,0.527,12.5,10.8,22.4,2.6,8.8,5.6,13.52,57.5,1.9
Jodie Meeks,ORL,24,21.7,0.574,15,9.7,17.2,0.6,11,5.7,13.49,23.3,0.8
Ian Clark,GS,50,14.2,0.576,16.8,8.8,18.1,2,8.7,5.6,13.47,31.5,1
Wesley Matthews,DAL,52,35.3,0.553,14,7.4,19.3,0.7,11.9,6,13.45,80.7,2.7
Marco Belinelli,CHA,50,24.7,0.571,15.1,7.7,18.1,0.9,10.3,5.6,13.42,53.8,1.8
Roy Hibbert,CHA,42,16,0.613,8.8,13.6,12.8,8.5,15.5,12,13.37,27.8,0.9
Tony Allen,MEM,48,28.1,0.493,9.8,12,17,9.4,13.8,11.5,13.36,57.5,1.9
Davis Bertans,SA,47,11.5,0.621,15.5,9.4,14.5,3.3,10.4,6.9,13.36,23,0.8
Tyler Zeller,BOS,33,12,0.484,15.9,7.4,16,10.5,17.9,14.2,13.34,16.2,0.5
Ryan Anderson,HOU,54,30.8,0.584,7.1,6.7,16.4,5.8,12.2,9,13.32,45.1,1.5
Cory Joseph,TOR,53,22.5,0.512,22.9,8.4,18.6,2.6,10.6,6.6,13.3,40.9,1.4
TJ Warren,PHX,43,29.3,0.501,6.2,5.4,18.4,5.9,8.9,7.3,13.29,52.3,1.7
Michael Kidd-Gilchrist,CHA,54,29.6,0.51,12.3,6.6,13.6,7.4,19.5,13.5,13.28,66.3,2.2
Bojan Bogdanovic,BKN,54,26.9,0.572,10.4,10.6,20.8,1.6,12.1,6.9,13.22,58.9,2
Marcus Morris,DET,55,33,0.52,12.5,6.3,19.2,3,12.4,7.6,13.2,46,1.5
Justin Hamilton,BKN,47,19.7,0.541,10.4,8.8,14.3,6.7,17.2,12,13.16,35.4,1.2
TJ McConnell,PHI,54,24.8,0.498,43.4,12.6,15.9,1.8,11.5,6.7,13.14,42.9,1.4
JaMychal Green,MEM,55,28.7,0.591,12.1,12.6,13.6,8.6,20.7,14.5,13.12,38.2,1.3
Joffrey Lauvergne,OKC,49,14.7,0.531,14.6,10.6,17.1,7.9,19.8,13.9,13.09,26.8,0.9
Norman Powell,TOR,51,17.1,0.548,12.1,9.5,18,2,11.1,6.5,13.04,33.1,1.1
Rodney Hood,UTAH,40,28.6,0.528,11.6,7.4,21.7,1.1,13,7.3,12.98,42.3,1.4
Bobby Portis,CHI,37,11.8,0.529,10.7,10.1,16.2,10,19.9,14.8,12.94,9.4,0.3
Andre Iguodala,GS,53,25.6,0.595,35.6,7.2,10.8,3.2,12.7,8.3,12.89,48.6,1.6
Maurice Harkless,POR,51,29,0.55,8.4,10.4,15.3,6.4,11.6,8.9,12.89,52.7,1.8
Gerald Green,BOS,34,11.5,0.518,12.3,6.6,21.4,4,13.8,8.9,12.88,13.9,0.5
Trevor Ariza,HOU,57,34.6,0.551,16.2,6.3,13.9,2.2,15.6,8.9,12.88,70,2.3
Brandon Jennings,NY,56,25,0.513,32.7,12.1,19.1,1.5,9.8,5.6,12.83,38.2,1.3
DeMarre Carroll,TOR,50,26.8,0.546,8.8,7.1,15.1,3.7,12.6,8.1,12.8,46,1.5
Marvin Williams,CHA,49,28.2,0.533,9.8,6,16.3,3.5,17.6,10.6,12.72,25.2,0.8
Thabo Sefolosha,ATL,44,25.8,0.532,16.3,9.7,13.2,3.5,14.7,9.2,12.67,36.7,1.2
Jason Smith,WSH,52,13.4,0.575,6.3,14.6,15.7,8.4,18.9,13.7,12.66,12,0.4
Sean Kilpatrick,BKN,54,26.1,0.548,13.8,13.1,22.5,1.3,15.1,8.3,12.66,45.4,1.5
Joe Ingles,UTAH,56,21.8,0.617,26.9,12.8,13.8,1.1,13.3,7.4,12.62,38.7,1.3
Aaron Gordon,ORL,55,27.5,0.503,13.8,7.7,18.7,5.1,13.3,9.1,12.62,25.4,0.8
Brandon Knight,PHX,53,21.1,0.501,15.8,11,24.7,2.4,9.5,5.8,12.59,26.5,0.9
E'Twaun Moore,NO,50,24.8,0.543,18.1,7.8,17.1,2.2,7.2,4.7,12.51,37.2,1.2
Frank Kaminsky III,CHA,53,24.8,0.481,14.8,7,20.2,3.6,16.1,9.9,12.44,36.1,1.2
Rondae Hollis-Jefferson,BKN,51,21.8,0.518,18,13.6,17.2,3.9,20.1,12.1,12.43,32.2,1.1
Mindaugas Kuzminskas,NY,47,14.6,0.524,13.1,10,18.5,5,8.9,6.9,12.42,19.7,0.7
Nikola Mirotic,CHI,48,22.5,0.505,8,10.1,18.6,3.4,21.6,12.4,12.36,13.8,0.5
Joe Johnson,UTAH,55,22.5,0.541,16.8,8.4,17.4,2.2,13.1,7.8,12.32,33.6,1.1
Justin Holiday,NY,56,19.7,0.549,13,9.8,16.2,1.9,13.7,7.8,12.29,29.5,1
Bismack Biyombo,ORL,56,23.4,0.54,12.8,15.7,12.5,9.1,25.7,17.2,12.29,33.1,1.1
Leandro Barbosa,PHX,52,13.2,0.506,16.1,7,18.9,1.7,10.7,6,12.26,18,0.6
Wayne Ellington,MIA,36,26.5,0.547,11.3,4.2,17,1.1,7.3,4.2,12.21,24.3,0.8
Timofey Mozgov,LAL,52,20.7,0.547,9,15,16,9.9,16.2,12.9,12.2,25.7,0.9
Evan Turner,POR,50,26.2,0.504,23.1,10.9,18.7,2.2,14,8,12.19,33,1.1
Vince Carter,MEM,49,24,0.532,17.9,5.5,15.1,2.4,13.2,7.6,12.16,29.2,1
Ramon Sessions,CHA,50,16.2,0.495,26.3,9.4,19.9,1.5,8.2,4.8,12.14,13.8,0.5
D.J. Augustin,ORL,56,20.7,0.537,25.1,9.5,19.5,0.8,7.3,4,12.13,19.5,0.6
Devin Harris,DAL,38,16.7,0.528,20.9,8.7,17.8,1.6,13.2,7.1,12.12,10.6,0.4
Kay Felder,CLE,34,10,0.484,21.3,10,22.2,1,10.1,5.7,12.02,5.2,0.2
Gerald Henderson,PHI,50,24,0.556,15,7.8,16.7,1.8,9.9,5.9,11.96,26.1,0.9
Marcus Smart,BOS,52,31,0.488,26.8,11.8,18.3,3.5,10.5,7,11.92,22.1,0.7
Jerian Grant,CHI,44,16.2,0.548,21.4,10.4,16.4,1.6,8.9,5.2,11.91,9.7,0.3
Robert Covington,PHI,49,31.1,0.51,10.5,13.1,17.5,5,16.6,10.8,11.85,30.6,1
Troy Daniels,MEM,42,17.4,0.547,7,6.7,20.8,1.8,6.9,4.3,11.76,13.7,0.5
Anthony Tolliver,SAC,43,23.1,0.621,11.9,10.7,12.4,4.8,14.2,9.5,11.75,3.7,0.1
Austin Rivers,LAC,53,28.3,0.546,19,10,19.4,1.2,7,4.2,11.74,16.5,0.5
Rodney Stuckey,IND,23,19,0.531,17.3,12.5,21.9,1,12.8,7,11.72,4.7,0.2
Kyle Korver,ATL/CLE,49,27,0.624,16.5,10.5,14.3,0.6,10.8,5.8,11.62,22.2,0.7
Kyle Anderson,SA,50,13.1,0.519,24.8,12.4,11.3,3.4,18.1,11,11.62,11,0.4
Jamal Crawford,LAC,55,26.9,0.511,16.9,10.8,22.4,1,5.9,3.5,11.59,23.9,0.8
Courtney Lee,NY,51,31.2,0.561,17.5,6.3,13.4,2.6,8.4,5.5,11.58,25.5,0.9
Jared Dudley,PHX,39,20.7,0.619,19,12.8,13.7,2.6,15.5,8.8,11.57,12.9,0.4
Raymond Felton,LAC,53,22.8,0.505,23.4,9.7,17,2.6,11.8,7.3,11.52,9.3,0.3
Aron Baynes,DET,53,15.3,0.568,6.7,13.4,12.9,8.7,19.9,14.2,11.52,11.1,0.4
Omri Casspi,SAC,22,18,0.511,15.4,10,15.6,5.9,20.7,13.3,11.48,5.8,0.2
Jamal Murray,DEN,55,19.9,0.511,15.3,10.8,20.6,3.2,11.1,7.2,11.48,15.9,0.5
Dario Saric,PHI,55,24.3,0.496,12.3,13.2,21.5,6.1,20.3,13.2,11.45,-1,0
Rajon Rondo,CHI,46,26.4,0.414,38.8,14.4,19.1,3.6,18,10.6,11.44,8,0.3
Kent Bazemore,ATL,53,27.6,0.492,16.9,11,19.7,2.4,10.3,6.4,11.43,20.4,0.7
Ed Davis,POR,44,17.2,0.566,11.4,15.4,11,13.1,21,17,11.41,-1.1,0
Doug McDermott,CHI,42,24.2,0.554,9.7,7.1,16.9,1.5,11.8,6.5,11.38,13.4,0.4
Sergio Rodriguez,PHI,50,22.8,0.492,33,13.7,20.9,1.4,10.3,5.9,11.36,6,0.2
James Ennis,MEM,43,25.7,0.611,12.1,12.9,12.6,5.8,13.5,9.6,11.32,13.5,0.4
Langston Galloway,NO,54,20.5,0.508,11.8,5.1,18.2,1.9,9.7,5.7,11.3,13.3,0.4
Caris LeVert,BKN,31,20.3,0.537,19.1,11.2,15.5,1.9,12.8,7.4,11.28,7.3,0.2
Trey Lyles,UTAH,56,18.6,0.481,11.6,10.5,20.7,5,18.1,11.8,11.25,-3.9,-0.1
Garrett Temple,SAC,49,26.6,0.561,22.3,10.1,13.2,2.4,9.5,5.9,11.2,13.6,0.5
Jameer Nelson,DEN,55,26.1,0.538,32.4,11.7,17.6,1.6,8.5,5,11.15,3.1,0.1
Pascal Siakam,TOR,47,17,0.522,6.1,12.6,11.9,8.2,15.3,11.7,11.08,-5,-0.2
Terry Rozier,BOS,50,18,0.47,20.8,6.8,15.7,3.5,15.9,9.7,10.98,-0.2,0
Allen Crabbe,POR,55,28.5,0.596,11.8,7.6,14,1,9.9,5.4,10.95,10.5,0.3
Michael Carter-Williams,CHI,24,22,0.463,19.3,13.2,21.9,3.4,19.5,11.3,10.89,-0.9,0
Danny Green,SA,47,26.9,0.577,18.9,10.8,12.8,1.4,12,6.8,10.88,7.2,0.2
Jonathon Simmons,SA,51,18.1,0.522,18.8,11.9,17.3,1.8,12.2,7.2,10.85,4.7,0.2
P.J. Tucker,PHX,56,28.7,0.516,14.5,10.3,11,6.2,17.6,11.7,10.8,7.2,0.2
Spencer Dinwiddie,BKN,32,21.2,0.563,28,12.2,14.2,1.7,10.9,6.4,10.76,-2.4,-0.1
Iman Shumpert,CLE,49,25.4,0.572,16.5,10.7,13.1,2.6,10.2,6.5,10.69,3.5,0.1
Derrick Williams,CLE/MIA,27,15.5,0.493,7.5,8,12.1,4.2,15.3,9.7,10.68,-5.2,-0.2
Trey Burke,WSH,50,12.6,0.517,24.1,11,19.8,1.3,6.1,3.8,10.68,-3,-0.1
Marquese Chriss,PHX,56,18.7,0.497,6.9,11.7,18.4,6.4,14.2,10.2,10.62,-13.7,-0.5
Al-Farouq Aminu,POR,37,29.1,0.476,16.9,12.3,14.9,4.3,24,14,10.53,0.4,0
Patrick Patterson,TOR,40,27.3,0.522,15.8,7.8,12,4.8,17.8,11.3,10.52,-15.9,-0.5
Marcus Thornton,WSH,33,17.4,0.494,13.9,8.7,18,4.4,10.4,7.4,10.49,-0.1,0
Luol Deng,LAL,52,27.1,0.472,13.1,7.4,13.7,4.5,17.8,10.9,10.38,-2.6,-0.1
Shaun Livingston,GS,50,17.4,0.58,24.5,11.5,13.1,2.6,9.3,6.2,10.31,-8.9,-0.3
Emmanuel Mudiay,DEN,44,28.1,0.472,22,13,22.8,2.3,11.7,7,10.29,-13.2,-0.4
Aaron Brooks,IND,45,14.5,0.504,26,13,19.5,2.3,6.4,4.4,10.28,-7,-0.2
Nemanja Bjelica,MIN,53,17,0.524,14.9,12.2,16.3,4.2,17.9,10.9,10.22,-17.2,-0.6
Luc Mbah a Moute,LAC,53,22.7,0.572,6.2,10.1,10.8,3.4,8.2,5.9,10.16,-24,-0.8
Jeff Green,ORL,55,23,0.502,9.8,9.8,19,2.7,12.2,7.3,10.16,-6.5,-0.2
Shelvin Mack,UTAH,46,21.4,0.509,24.1,14.9,19.7,1.9,9.3,5.8,10.14,-12.7,-0.4
Glenn Robinson III,IND,53,21.8,0.537,10.3,8.9,11.5,4.6,14,9.4,10.11,-6.8,-0.2
Matt Barnes,SAC,52,25.1,0.502,23.4,13,16.2,4.5,20,12.2,10.08,-8.1,-0.3
Alex Abrines,OKC,45,14,0.568,8.8,8.8,15.3,2.1,6.7,4.4,10.07,-4.1,-0.1
Matthew Dellavedova,MIL,49,26.4,0.499,35.6,12.6,17,1.5,7.2,4.4,10.01,-19.2,-0.6
Buddy Hield,NO,56,20.4,0.5,12.5,7.9,19.2,1.7,13.4,7.5,9.91,-10,-0.3
Jerami Grant,PHI/OKC,55,21.2,0.543,8.7,8.5,22.6,2.4,11.8,7.1,9.85,-11.4,-0.4
Josh McRoberts,MIA,22,17.3,0.439,25.6,11.8,17.2,6.6,14.8,10.7,9.81,-9.6,-0.3
Omer Asik,NO,31,15.5,0.517,13.5,12.6,8.3,10.4,25.4,17.8,9.79,-5.8,-0.2
Jaylen Brown,BOS,53,15.5,0.514,9.3,10.2,16.7,3.8,14.8,9.3,9.7,-9.9,-0.3
Jordan McRae,CLE,35,10.8,0.485,9.2,7.2,19.3,1.8,9.9,6,9.66,-4.7,-0.2
Josh Richardson,MIA,28,31.3,0.483,17.3,9.5,18.1,1.7,10,5.8,9.66,-10.9,-0.4
Mirza Teletovic,MIL,45,16.6,0.536,9.4,9.1,18.5,1.4,15.2,8.5,9.58,-21.4,-0.7
Tony Snell,MIL,53,28.5,0.604,13.9,7.3,11.1,1.2,11.8,6.6,9.48,-22.9,-0.8
C.J. Watson,ORL,45,16.9,0.515,26.2,10.9,13.9,1.4,8.6,4.9,9.42,-18,-0.6
Mike Dunleavy,ATL/CLE,40,16.1,0.568,15.2,9.8,14.4,2.1,12.6,7.5,9.37,-10.9,-0.4
Jonas Jerebko,BOS,54,16.8,0.553,16.4,11.9,11.2,5.4,17.8,11.6,9.35,-29.1,-1
Wesley Johnson,LAC,48,13,0.458,10.7,7.1,11.7,4.4,21.9,13.4,9.32,-11,-0.4
Andrew Bogut,DAL,25,22.6,0.458,28.1,24,10.4,10.3,34.3,21.7,9.31,-10.9,-0.4
Monta Ellis,IND,47,27,0.513,24.9,14.3,15.9,0.7,10.8,5.8,9.31,-22.6,-0.8
Lavoy Allen,IND,42,14,0.462,22.6,10.4,9.9,9.9,12.5,11.2,9.22,-20,-0.7
Tomas Satoransky,WSH,38,14.3,0.494,32.7,13.9,12.8,4.2,9.4,6.8,9.2,-10.6,-0.4
Anthony Morrow,OKC,39,15.9,0.49,7,2.7,15.5,2,3.2,2.6,9.16,-12.4,-0.4
Joe Harris,BKN,47,22,0.559,11.3,11.1,15.3,1.4,12.3,6.9,9.09,-21.8,-0.7
Hollis Thompson,PHI,31,18.1,0.51,12.8,4.4,13,2.9,13.6,8.2,9.09,0,0
Nik Stauskas,PHI,53,27,0.551,19,12.5,15.1,1,10,5.5,9.09,-30.2,-1
Ben McLemore,SAC,40,17.2,0.515,10.6,10.2,17.3,2.2,7.3,4.8,9.03,-15.1,-0.5
Kelly Oubre Jr.,WSH,52,20.8,0.52,8.4,8.7,13.2,4,14.4,9.3,8.98,-24.5,-0.8
Chandler Parsons,MEM,26,19.4,0.443,17.4,6.5,18,0.7,14.1,7.2,8.94,-11.8,-0.4
Andre Roberson,OKC,56,30.6,0.485,11.9,8.1,10,4.2,14.3,9.2,8.89,-41,-1.4
Dante Cunningham,NO,42,25.1,0.537,10.3,6.5,10.2,3.3,14.2,8.7,8.89,-41.2,-1.4
Miles Plumlee,MIL/CHA,37,10.2,0.519,14.3,17.9,14.5,8.6,13.3,11,8.82,-10,-0.3
Rodney McGruder,MIA,52,26.2,0.49,17.8,8.1,11.6,5.6,9,7.3,8.67,-37.3,-1.2
Andrew Harrison,MEM,53,21.9,0.469,27.4,11.5,16.7,1.8,8.3,5,8.6,-41.6,-1.4
Jason Terry,MIL,47,17.1,0.575,27.9,9,9.5,1.5,6.1,3.9,8.52,-23.7,-0.8
Stanley Johnson,DET,52,16.7,0.477,19.7,13,14.1,3,12.4,7.6,8.49,-26.1,-0.9
Noah Vonleh,POR,47,13,0.453,5.1,17.1,13.7,11.6,23.7,17.6,8.46,-27.6,-0.9
Isaiah Canaan,CHI,32,17.8,0.49,15.1,8.2,14.8,1.1,7.9,4.4,8.46,-21.6,-0.7
Malcolm Delaney,ATL,55,17.7,0.469,26.4,13.1,19.2,0.8,10.1,5.5,8.31,-39.2,-1.3
Arron Afflalo,SAC,47,25.5,0.546,13.6,7.5,13.3,0.8,8,4.4,8.24,-40.5,-1.3
Dante Exum,UTAH,41,18.5,0.514,19.3,12.5,17.1,2.4,8.7,5.6,8.22,-31.5,-1.1
Boris Diaw,UTAH,47,18.1,0.51,26.8,16.2,15.9,3.4,9.1,6.3,8.21,-30.4,-1
Justise Winslow,MIA,18,34.7,0.397,19.1,9.5,19.5,4,12.6,8.3,8.15,-21.9,-0.7
DeAndre Liggins,CLE,44,14.6,0.501,21.9,15.1,10.9,2.1,10.3,6.3,7.96,-24.4,-0.8
Meyers Leonard,POR,47,16.2,0.484,12.6,7.8,15.9,2.7,19.7,11.1,7.94,-40.4,-1.3
Solomon Hill,NO,54,28.3,0.526,19.8,10.9,10.7,2,11.7,6.8,7.92,-58.8,-2
Patrick McCaw,GS,45,12.3,0.532,21.1,10.3,12.2,1.9,6.5,4.4,7.91,-25.5,-0.9
Dorian Finney-Smith,DAL,54,21,0.521,15.1,10.9,10.5,3.3,12,7.4,7.88,-44.5,-1.5
Jarell Martin,MEM,40,13.5,0.469,3.5,13.6,15,7.6,25.6,16.4,7.85,-29.3,-1
J.R. Smith,CLE,21,28.9,0.481,11.4,6.6,13.9,1.5,6.5,4.1,7.78,-24.6,-0.8
Troy Williams,MEM,24,17.4,0.477,10.6,15.1,16.5,1.6,10.6,6,7.76,-17.1,-0.6
Corey Brewer,HOU,57,15.7,0.491,17.5,10.7,12.9,2.5,11.4,6.9,7.69,-37.6,-1.3
Brandon Ingram,LAL,56,27.6,0.458,16.1,10.7,15.3,2.7,13.7,8,7.49,-69.6,-2.3
Kris Dunn,MIN,51,16.7,0.425,30.5,16.8,15.8,2.1,13.1,7.5,7.29,-47.3,-1.6
Randy Foye,BKN,42,19,0.506,24,15.5,15.1,0.9,12.4,6.8,7.25,-38.6,-1.3
Brandon Rush,MIN,21,16.9,0.497,14.9,11,10.4,2.6,8.7,5.6,7.21,-17.4,-0.6
Luke Babbitt,MIA,47,15.6,0.514,9.3,6.7,12.3,1.6,13.1,7.3,7.05,-37.8,-1.3
Richard Jefferson,CLE,52,19.7,0.536,14.1,10.2,11.8,2.1,11,6.7,7.04,-52.8,-1.8
Isaiah Whitehead,BKN,47,21.9,0.466,23.5,15.9,18.3,1.6,10.1,5.9,7,-61.6,-2.1
Timothe Luwawu-Cabarrot,PHI,42,11.4,0.526,14.2,15.1,15.7,2.3,11.5,6.9,6.74,-26.9,-0.9
Domantas Sabonis,OKC,56,21.6,0.474,12.4,13.4,14.4,2.9,16.1,9.5,6.65,-87.6,-2.9
Paul Zipser,CHI,23,15.2,0.466,7.9,11.8,14,2.4,13.8,8,6.27,-22.1,-0.7
Lance Thomas,NY,31,17.5,0.484,8.8,8.8,12.6,2.9,8.5,5.7,6.23,-34.6,-1.2
Mario Hezonja,ORL,40,11.1,0.449,12.2,15.6,19.8,2.4,14.8,8.4,6.2,-28.4,-0.9
Semaj Christon,OKC,40,14.8,0.378,31.7,9.8,15.1,2.6,7.8,5.2,5.97,-44.3,-1.5
Dragan Bender,PHX,38,12.7,0.474,9.9,15.7,12.9,3.5,15.8,9.4,5.86,-40.5,-1.3
Denzel Valentine,CHI,30,12.7,0.424,13,12.4,15.7,0.8,13.5,7.1,5.32,-29.5,-1
